feature,value,p_low,p_med,p_high,expected_severity,risk_score
duty_hours_per_week,20.0,0.991,0.006,0.003,0.006,0.6
duty_hours_per_week,30.0,0.991,0.006,0.003,0.006,0.6
duty_hours_per_week,40.0,0.99,0.007,0.003,0.006500000000000001,0.7
duty_hours_per_week,44.0,0.986,0.011,0.003,0.0085,0.9
duty_hours_per_week,50.0,0.958,0.039,0.003,0.0225,2.3
duty_hours_per_week,60.0,0.624,0.372,0.004,0.19,19.0
duty_hours_per_week,70.0,0.462,0.534,0.004,0.271,27.1
duty_hours_per_week,80.0,0.438,0.558,0.004,0.28300000000000003,28.3
duty_hours_per_week,90.0,0.43,0.565,0.005,0.2875,28.7
consecutive_duty_days,1,0.989,0.008,0.003,0.007,0.7
consecutive_duty_days,2,0.988,0.009,0.003,0.0075,0.8
consecutive_duty_days,4,0.986,0.011,0.003,0.0085,0.9
consecutive_duty_days,7,0.984,0.013,0.003,0.0095,1.0
consecutive_duty_days,10,0.979,0.017,0.003,0.0115,1.2
consecutive_duty_days,14,0.977,0.019,0.003,0.0125,1.3
consecutive_duty_days,21,0.972,0.024,0.003,0.015,1.6
consecutive_duty_days,30,0.968,0.029,0.003,0.0175,1.8
night_shifts_per_month,0,0.988,0.009,0.003,0.0075,0.8
night_shifts_per_month,2,0.986,0.011,0.003,0.0085,0.9
night_shifts_per_month,4,0.983,0.014,0.003,0.01,1.0
night_shifts_per_month,6,0.979,0.018,0.003,0.012,1.2
night_shifts_per_month,8,0.974,0.023,0.003,0.014499999999999999,1.5
night_shifts_per_month,10,0.966,0.03,0.003,0.018,1.9
night_shifts_per_month,15,0.922,0.075,0.004,0.041499999999999995,4.1
night_shifts_per_month,20,0.82,0.177,0.004,0.0925,9.2
sleep_hours,4.0,0.572,0.424,0.004,0.216,21.6
sleep_hours,5.0,0.816,0.18,0.004,0.094,9.4
sleep_hours,6.0,0.962,0.034,0.004,0.021,2.1
sleep_hours,7.0,0.986,0.011,0.003,0.0085,0.9
sleep_hours,7.5,0.989,0.008,0.003,0.007,0.7
sleep_hours,8.0,0.99,0.007,0.003,0.006500000000000001,0.7
sleep_hours,9.0,0.99,0.006,0.003,0.006,0.6
physical_fatigue,1,0.988,0.009,0.003,0.0075,0.8
physical_fatigue,2,0.986,0.011,0.003,0.0085,0.9
physical_fatigue,3,0.975,0.021,0.004,0.0145,1.4
physical_fatigue,4,0.969,0.027,0.004,0.0175,1.8
physical_fatigue,5,0.959,0.036,0.005,0.023,2.3
physical_activity_hours_per_week,0.0,0.824,0.173,0.004,0.0905,9.0
physical_activity_hours_per_week,2.0,0.95,0.047,0.003,0.0265,2.7
physical_activity_hours_per_week,5.0,0.986,0.011,0.003,0.0085,0.9
physical_activity_hours_per_week,8.0,0.99,0.006,0.003,0.006,0.6
physical_activity_hours_per_week,12.0,0.991,0.006,0.003,0.006,0.6
mood_score,1,0.43,0.565,0.005,0.2875,28.7
mood_score,2,0.582,0.414,0.004,0.211,21.1
mood_score,3,0.911,0.086,0.004,0.047,4.6
mood_score,4,0.986,0.011,0.003,0.0085,0.9
mood_score,5,0.99,0.007,0.003,0.006500000000000001,0.7
burnout_symptoms,Rarely,0.986,0.011,0.003,0.0085,0.9
burnout_symptoms,Sometimes,0.918,0.078,0.004,0.043,4.3
burnout_symptoms,Often,0.871,0.125,0.005,0.0675,6.7
interest_score,0,0.986,0.011,0.003,0.0085,0.9
interest_score,1,0.974,0.023,0.003,0.014499999999999999,1.5
interest_score,2,0.928,0.068,0.004,0.038000000000000006,3.8
interest_score,3,0.798,0.198,0.004,0.10300000000000001,10.3
discouraged_score,0,0.986,0.011,0.003,0.0085,0.9
discouraged_score,1,0.96,0.037,0.003,0.0215,2.2
discouraged_score,2,0.81,0.186,0.004,0.097,9.7
discouraged_score,3,0.594,0.403,0.004,0.20550000000000002,20.5
concentration_score,0,0.986,0.011,0.003,0.0085,0.9
concentration_score,1,0.97,0.027,0.003,0.0165,1.7
concentration_score,2,0.893,0.103,0.004,0.055499999999999994,5.5
concentration_score,3,0.708,0.288,0.004,0.148,14.8
operational_exposure,Low,0.986,0.011,0.003,0.0085,0.9
operational_exposure,Medium,0.983,0.014,0.003,0.01,1.0
operational_exposure,High,0.977,0.02,0.003,0.013000000000000001,1.3
remote_posting,No,0.986,0.011,0.003,0.0085,0.9
remote_posting,Yes,0.985,0.012,0.003,0.009000000000000001,0.9
leave_gap_days,7,0.988,0.009,0.003,0.0075,0.8
leave_gap_days,14,0.987,0.009,0.003,0.0075,0.8
leave_gap_days,30,0.986,0.011,0.003,0.0085,0.9
leave_gap_days,60,0.981,0.015,0.003,0.010499999999999999,1.1
leave_gap_days,90,0.971,0.025,0.004,0.0165,1.6
leave_gap_days,180,0.927,0.069,0.004,0.038500000000000006,3.9
leave_gap_days,270,0.786,0.21,0.004,0.109,10.9
leave_gap_days,365,0.576,0.42,0.005,0.215,21.4
