true_label,pred_label,risk_score,p_low,p_med,p_high
Low,Low,0.6,0.991,0.006,0.003
Low,Low,0.8,0.988,0.009,0.003
Medium,Medium,50.0,0.006,0.988,0.006
Medium,Medium,50.0,0.006,0.988,0.006
Medium,Medium,50.0,0.006,0.988,0.006
Medium,Medium,50.0,0.006,0.988,0.006
High,High,99.2,0.007,0.002,0.991
High,High,99.2,0.007,0.003,0.991
Medium,Medium,50.0,0.006,0.988,0.006
High,High,99.2,0.007,0.002,0.991
Low,Low,0.6,0.991,0.006,0.003
Low,Low,0.6,0.991,0.006,0.003
Low,Low,0.6,0.991,0.006,0.003
Low,Low,0.6,0.991,0.006,0.003
Medium,Medium,49.1,0.024,0.97,0.006
Medium,Medium,50.0,0.006,0.988,0.006
Low,Low,0.6,0.991,0.006,0.003
Medium,Medium,50.0,0.006,0.988,0.006
Medium,Medium,50.0,0.006,0.988,0.006
Low,Low,0.6,0.991,0.006,0.003
High,High,99.2,0.007,0.002,0.991
Low,Low,0.6,0.991,0.006,0.003
Medium,Medium,50.0,0.006,0.987,0.007
High,High,99.2,0.007,0.002,0.991
Medium,Medium,50.0,0.006,0.988,0.006
Medium,Medium,50.0,0.006,0.988,0.006
Medium,Medium,50.0,0.006,0.988,0.006
Medium,Medium,50.0,0.006,0.988,0.006
Medium,Medium,50.0,0.006,0.988,0.006
High,High,99.2,0.007,0.002,0.991
High,High,99.2,0.007,0.002,0.991
Low,Low,0.6,0.991,0.006,0.003
High,High,99.2,0.007,0.002,0.991
High,High,99.2,0.007,0.002,0.991
Medium,Medium,50.0,0.006,0.988,0.006
Low,Low,0.6,0.991,0.006,0.003
Medium,Medium,50.0,0.006,0.986,0.007
Medium,Medium,50.0,0.006,0.988,0.006
High,High,99.2,0.007,0.003,0.991
High,High,99.2,0.007,0.002,0.991
Low,Low,0.6,0.991,0.006,0.003
Medium,Medium,50.0,0.006,0.988,0.006
Low,Low,0.6,0.991,0.006,0.003
Low,Low,0.6,0.991,0.006,0.003
Low,Low,0.6,0.991,0.006,0.003
Low,Low,0.6,0.991,0.006,0.003
Medium,Medium,50.0,0.006,0.987,0.006
Medium,Medium,49.5,0.017,0.978,0.006
High,High,99.2,0.007,0.002,0.991
High,High,99.2,0.007,0.002,0.991
Low,Low,0.6,0.991,0.006,0.003
Medium,Medium,50.0,0.006,0.987,0.006
High,High,99.2,0.007,0.002,0.991
High,High,99.2,0.007,0.002,0.991
Medium,Medium,49.2,0.022,0.972,0.006
Medium,Medium,50.0,0.006,0.988,0.006
Medium,Medium,50.0,0.006,0.988,0.006
High,High,99.2,0.007,0.002,0.991
Low,Low,0.6,0.991,0.006,0.003
Low,Low,0.6,0.991,0.006,0.003
Low,Low,0.6,0.991,0.006,0.003
Medium,Medium,50.0,0.006,0.988,0.006
High,High,99.2,0.007,0.002,0.991
Medium,Medium,50.0,0.006,0.988,0.006
Low,Low,0.6,0.991,0.006,0.003
Medium,Medium,50.0,0.006,0.988,0.006
Low,Low,0.6,0.991,0.006,0.003
Low,Low,0.6,0.991,0.006,0.003
High,High,99.2,0.007,0.002,0.991
Low,Low,0.6,0.991,0.006,0.003
Medium,Medium,50.0,0.006,0.988,0.006
Low,Low,0.6,0.991,0.006,0.003
Medium,Medium,50.0,0.006,0.988,0.006
Medium,Medium,50.0,0.006,0.988,0.006
Low,Low,0.7,0.99,0.007,0.003
Low,Low,0.6,0.991,0.006,0.003
Low,Low,0.6,0.991,0.006,0.003
Low,Low,0.6,0.991,0.006,0.003
High,High,99.2,0.007,0.002,0.991
Medium,Medium,50.1,0.006,0.987,0.007
Low,Low,0.7,0.989,0.007,0.003
Medium,Medium,50.0,0.006,0.988,0.006
High,High,99.2,0.007,0.002,0.991
High,High,99.2,0.007,0.002,0.991
Medium,Medium,50.1,0.006,0.987,0.007
High,High,99.2,0.007,0.002,0.991
Medium,Medium,50.0,0.006,0.988,0.006
Low,Low,0.6,0.991,0.006,0.003
Low,Low,0.6,0.991,0.006,0.003
High,High,99.2,0.007,0.002,0.991
Low,Low,0.6,0.991,0.006,0.003
Low,Low,0.6,0.991,0.006,0.003
Low,Low,0.6,0.991,0.006,0.003
Medium,Medium,50.0,0.007,0.987,0.006
Low,Low,0.7,0.99,0.007,0.003
High,High,99.2,0.007,0.002,0.991
High,High,99.2,0.007,0.002,0.991
Medium,Medium,50.0,0.006,0.988,0.006
Medium,Medium,50.0,0.006,0.988,0.006
Medium,Medium,50.0,0.006,0.988,0.006
Medium,Medium,50.0,0.006,0.988,0.006
Medium,Medium,49.9,0.009,0.986,0.006
Low,Low,0.6,0.99,0.007,0.003
High,High,97.1,0.007,0.044,0.949
Medium,Medium,50.0,0.006,0.988,0.006
Low,Low,0.6,0.991,0.006,0.003
Low,Low,0.6,0.991,0.006,0.003
Medium,Medium,50.0,0.006,0.988,0.006
High,High,99.2,0.007,0.002,0.991
Low,Low,0.6,0.991,0.006,0.003
Low,Low,0.6,0.991,0.006,0.003
Low,Low,0.6,0.991,0.006,0.003
Medium,Medium,50.0,0.006,0.988,0.006
Low,Low,0.6,0.991,0.006,0.003
Medium,Medium,50.0,0.007,0.987,0.007
Low,Low,0.6,0.991,0.006,0.003
Low,Low,0.6,0.991,0.006,0.003
Medium,Medium,49.9,0.008,0.986,0.006
Low,Low,0.7,0.99,0.007,0.003
Medium,Medium,50.0,0.006,0.988,0.006
Medium,Medium,50.0,0.006,0.988,0.006
Low,Low,0.6,0.991,0.006,0.003
Low,Low,0.6,0.991,0.006,0.003
High,High,99.2,0.007,0.002,0.991
Low,Low,0.6,0.99,0.007,0.003
Medium,Medium,50.0,0.006,0.987,0.006
High,High,99.2,0.007,0.003,0.991
Medium,Medium,50.0,0.006,0.988,0.006
Medium,Medium,50.0,0.007,0.987,0.006
Medium,Medium,50.0,0.006,0.988,0.006
Low,Low,0.6,0.991,0.006,0.003
Low,Low,0.6,0.991,0.006,0.003
High,High,99.2,0.007,0.002,0.991
Low,Low,0.6,0.991,0.006,0.003
High,High,99.2,0.007,0.002,0.991
Medium,Medium,50.0,0.006,0.987,0.006
Low,Low,0.6,0.991,0.006,0.003
Medium,Medium,50.0,0.006,0.988,0.006
Medium,Medium,50.1,0.006,0.986,0.008
Medium,Medium,50.0,0.006,0.988,0.006
High,High,99.2,0.007,0.002,0.991
Medium,Medium,50.0,0.006,0.988,0.006
Medium,Medium,50.0,0.006,0.988,0.006
Low,Low,0.6,0.991,0.006,0.003
Low,Low,0.6,0.991,0.006,0.003
High,High,99.2,0.007,0.002,0.991
Low,Low,0.6,0.991,0.006,0.003
Medium,Medium,50.0,0.006,0.988,0.006
Low,Low,0.9,0.985,0.012,0.003
Low,Low,0.6,0.991,0.006,0.003
Medium,Medium,50.0,0.006,0.987,0.007
Low,Low,0.6,0.991,0.006,0.003
High,High,99.1,0.006,0.005,0.989
Low,Low,0.6,0.991,0.006,0.003
Medium,Medium,50.0,0.006,0.988,0.006
Low,Low,0.6,0.991,0.006,0.003
Low,Low,0.7,0.989,0.008,0.003
High,High,99.2,0.007,0.002,0.991
High,High,99.2,0.007,0.002,0.991
Low,Low,0.6,0.991,0.006,0.003
High,High,99.2,0.007,0.002,0.991
Medium,Medium,50.0,0.006,0.987,0.006
High,High,99.2,0.007,0.002,0.991
High,High,99.2,0.007,0.002,0.991
Medium,Medium,50.0,0.007,0.987,0.006
Low,Low,0.6,0.991,0.006,0.003
High,High,99.2,0.007,0.002,0.991
Low,Low,0.6,0.991,0.006,0.003
Medium,Medium,50.0,0.006,0.988,0.006
Low,Low,0.6,0.991,0.006,0.003
Low,Low,0.6,0.991,0.006,0.003
Medium,Medium,50.1,0.006,0.986,0.008
Low,Low,0.6,0.991,0.006,0.003
Low,Low,0.6,0.991,0.006,0.003
High,High,99.2,0.007,0.002,0.991
High,High,99.2,0.007,0.002,0.991
High,High,99.2,0.007,0.002,0.991
Medium,Medium,50.0,0.006,0.988,0.006
High,High,99.2,0.007,0.002,0.991
Low,Low,0.6,0.991,0.006,0.003
High,High,99.2,0.007,0.002,0.991
Medium,Medium,50.0,0.006,0.988,0.006
High,High,96.4,0.007,0.058,0.935
High,High,99.2,0.007,0.002,0.991
Medium,Medium,50.0,0.007,0.987,0.006
Medium,Medium,50.0,0.006,0.988,0.006
Low,Low,0.6,0.991,0.006,0.003
Low,Low,0.6,0.991,0.006,0.003
Low,Low,0.6,0.991,0.006,0.003
Low,Low,0.6,0.991,0.006,0.003
Medium,Medium,50.0,0.006,0.988,0.006
Low,Low,0.6,0.991,0.006,0.003
Low,Low,0.6,0.991,0.006,0.003
Medium,Medium,50.0,0.007,0.987,0.006
Low,Low,0.6,0.991,0.006,0.003
Low,Low,0.6,0.991,0.006,0.003
Low,Low,0.6,0.991,0.006,0.003
Medium,Medium,50.0,0.006,0.988,0.006
Medium,Medium,49.4,0.018,0.976,0.006
High,High,99.2,0.007,0.002,0.991
Low,Low,0.6,0.991,0.006,0.003
Medium,Medium,50.0,0.006,0.988,0.006
Medium,Medium,50.0,0.007,0.987,0.006
Medium,Medium,50.0,0.006,0.987,0.006
Medium,Medium,50.0,0.006,0.988,0.006
Low,Low,0.6,0.991,0.006,0.003
Medium,Medium,49.9,0.007,0.987,0.006
Low,Low,0.6,0.991,0.006,0.003
Low,Low,0.7,0.99,0.007,0.003
High,High,99.2,0.007,0.002,0.991
Low,Low,0.6,0.991,0.006,0.003
Low,Low,0.7,0.99,0.007,0.003
Low,Low,1.1,0.982,0.014,0.003
Low,Low,0.6,0.991,0.006,0.003
High,High,99.2,0.007,0.002,0.991
Medium,Medium,50.0,0.006,0.988,0.006
Medium,Medium,50.0,0.006,0.988,0.006
Low,Low,0.6,0.991,0.006,0.003
Medium,Medium,50.0,0.006,0.987,0.007
Medium,Medium,49.8,0.011,0.983,0.006
Low,Low,0.6,0.991,0.006,0.003
Low,Low,0.6,0.991,0.006,0.003
Low,Low,0.6,0.99,0.007,0.003
High,High,99.2,0.007,0.002,0.991
Low,Low,0.6,0.991,0.006,0.003
High,High,99.2,0.007,0.002,0.991
Low,Low,0.6,0.991,0.006,0.003
Low,Low,0.6,0.991,0.006,0.003
Low,Low,0.6,0.991,0.006,0.003
Medium,Medium,49.9,0.008,0.986,0.006
Low,Low,0.6,0.991,0.006,0.003
Medium,Medium,50.0,0.006,0.988,0.006
Medium,Medium,49.9,0.007,0.987,0.006
High,High,99.2,0.007,0.002,0.991
Medium,Medium,50.0,0.006,0.988,0.006
Medium,Medium,50.0,0.006,0.988,0.006
Medium,Medium,50.0,0.006,0.988,0.006
Low,Low,0.6,0.991,0.006,0.003
Medium,Medium,50.0,0.007,0.987,0.006
Medium,Medium,50.0,0.006,0.988,0.006
High,High,99.2,0.007,0.003,0.991
Low,Low,0.6,0.991,0.006,0.003
High,High,99.2,0.007,0.002,0.991
High,High,99.2,0.007,0.002,0.991
Medium,Medium,50.0,0.006,0.987,0.006
Low,Low,0.6,0.991,0.006,0.003
Low,Low,0.7,0.99,0.007,0.003
Low,Low,0.6,0.991,0.006,0.003
Medium,Medium,50.0,0.006,0.987,0.007
Medium,Medium,50.0,0.006,0.988,0.006
Medium,Medium,50.0,0.006,0.987,0.007
Low,Low,0.6,0.991,0.006,0.003
Low,Low,6.0,0.883,0.114,0.003
Low,Low,0.6,0.991,0.006,0.003
Medium,Medium,49.9,0.008,0.986,0.006
Low,Low,0.6,0.991,0.006,0.003
High,High,99.2,0.007,0.002,0.991
High,High,99.2,0.007,0.002,0.991
Low,Low,0.6,0.991,0.006,0.003
Low,Low,0.6,0.991,0.006,0.003
Low,Low,0.6,0.991,0.006,0.003
High,High,99.2,0.007,0.002,0.991
Low,Low,0.6,0.991,0.006,0.003
Medium,Medium,50.0,0.006,0.988,0.006
High,High,99.2,0.007,0.002,0.991
Low,Low,0.7,0.99,0.007,0.003
Medium,Medium,49.8,0.011,0.983,0.006
Medium,Medium,50.0,0.006,0.987,0.007
Medium,Medium,50.0,0.007,0.986,0.007
Low,Low,0.7,0.989,0.007,0.003
Medium,Medium,50.0,0.006,0.988,0.006
High,High,99.2,0.007,0.002,0.991
Medium,Medium,50.0,0.006,0.988,0.006
Medium,Medium,50.0,0.006,0.988,0.006
Medium,Medium,50.0,0.006,0.988,0.006
Low,Low,0.6,0.991,0.006,0.003
Low,Low,0.6,0.991,0.006,0.003
High,High,99.2,0.007,0.002,0.991
Medium,Medium,50.0,0.006,0.988,0.006
Medium,Medium,50.0,0.006,0.988,0.006
Medium,Medium,49.9,0.007,0.987,0.006
Low,Low,0.6,0.991,0.006,0.003
Medium,Medium,50.0,0.006,0.987,0.006
High,High,99.2,0.007,0.003,0.99
High,High,99.2,0.007,0.002,0.991
Medium,Medium,50.0,0.006,0.988,0.006
Low,Low,0.6,0.991,0.006,0.003
Medium,Medium,50.0,0.006,0.987,0.006
Medium,Medium,50.0,0.006,0.988,0.006
Low,Low,0.6,0.991,0.006,0.003
High,High,99.2,0.007,0.002,0.991
Medium,Medium,50.0,0.006,0.988,0.006
Medium,Medium,50.0,0.006,0.987,0.007
Medium,Medium,50.0,0.007,0.987,0.006
Low,Low,0.7,0.99,0.007,0.003
Low,Low,0.6,0.991,0.006,0.003
Medium,Medium,50.0,0.007,0.987,0.006
Low,Low,0.6,0.991,0.006,0.003
Low,Low,0.6,0.991,0.006,0.003
Medium,Medium,49.7,0.012,0.982,0.006
Medium,Medium,50.0,0.006,0.987,0.006
Low,Low,0.9,0.986,0.011,0.003
Medium,Medium,50.0,0.006,0.988,0.006
Medium,Medium,50.0,0.007,0.987,0.006
Medium,Medium,50.0,0.008,0.985,0.007
Medium,Medium,49.7,0.012,0.982,0.006
Medium,Medium,50.0,0.006,0.988,0.006
High,High,99.2,0.007,0.002,0.991
Medium,Medium,50.0,0.006,0.987,0.006
Low,Low,0.6,0.991,0.006,0.003
Medium,Medium,50.0,0.007,0.986,0.008
High,High,99.2,0.007,0.002,0.991
High,High,99.2,0.007,0.002,0.991
Low,Low,0.6,0.991,0.006,0.003
High,High,99.2,0.007,0.002,0.991
Low,Low,0.6,0.991,0.006,0.003
Low,Low,0.8,0.988,0.009,0.003
Low,Low,0.6,0.991,0.006,0.003
Medium,Medium,50.0,0.006,0.988,0.006
Medium,Medium,50.0,0.006,0.988,0.006
Medium,Medium,49.9,0.009,0.985,0.006
High,High,99.2,0.007,0.002,0.991
Low,Low,0.6,0.991,0.006,0.003
Low,Low,0.6,0.991,0.006,0.003
Low,Low,0.6,0.991,0.006,0.003
High,High,99.2,0.007,0.003,0.99
Medium,Medium,50.0,0.006,0.987,0.006
Low,Low,0.6,0.991,0.006,0.003
Low,Low,0.6,0.991,0.006,0.003
Low,Low,0.6,0.991,0.006,0.003
Low,Low,0.6,0.991,0.006,0.003
Low,Low,0.6,0.991,0.006,0.003
Low,Low,0.6,0.991,0.006,0.003
Low,Low,0.6,0.991,0.006,0.003
Low,Low,0.6,0.991,0.006,0.003
Low,Low,0.6,0.991,0.006,0.003
Low,Low,0.6,0.991,0.006,0.003
High,High,99.2,0.007,0.002,0.991
High,High,99.2,0.007,0.002,0.991
High,High,99.2,0.007,0.002,0.991
High,High,99.2,0.007,0.002,0.991
Medium,Medium,50.0,0.006,0.988,0.006
Low,Low,0.6,0.991,0.006,0.003
Low,Low,0.6,0.991,0.006,0.003
Medium,Medium,50.0,0.006,0.988,0.006
Low,Low,0.6,0.991,0.006,0.003
High,High,99.2,0.007,0.002,0.991
Low,Low,0.6,0.991,0.006,0.003
Medium,Medium,50.0,0.006,0.988,0.006
Medium,Medium,50.0,0.006,0.987,0.006
Medium,Medium,50.0,0.006,0.988,0.006
Low,Low,0.6,0.991,0.006,0.003
Medium,Medium,49.9,0.007,0.987,0.006
High,High,99.2,0.007,0.002,0.991
Medium,Medium,50.0,0.007,0.987,0.006
Low,Low,1.1,0.982,0.015,0.003
Low,Low,0.6,0.991,0.006,0.003
Low,Low,0.6,0.991,0.006,0.003
Medium,Medium,50.0,0.006,0.988,0.006
Low,Low,0.6,0.991,0.006,0.003
Low,Low,0.6,0.991,0.006,0.003
High,High,99.2,0.007,0.002,0.991
Low,Low,0.6,0.991,0.006,0.003
Low,Low,0.7,0.989,0.008,0.003
Low,Low,0.6,0.991,0.006,0.003
Medium,Medium,50.1,0.006,0.987,0.007
High,High,99.2,0.007,0.002,0.991
Low,Low,0.6,0.991,0.006,0.003
Medium,Medium,50.0,0.006,0.988,0.006
Low,Low,0.6,0.991,0.006,0.003
Low,Low,0.6,0.991,0.006,0.003
Low,Low,0.6,0.991,0.006,0.003
High,High,99.2,0.007,0.002,0.991
Medium,Medium,50.0,0.006,0.987,0.006
Low,Low,0.6,0.991,0.006,0.003
Medium,Medium,50.1,0.006,0.986,0.008
Low,Low,0.6,0.991,0.006,0.003
Medium,Medium,50.0,0.007,0.987,0.006
Medium,Medium,49.9,0.008,0.986,0.006
Medium,Medium,50.0,0.006,0.988,0.006
Medium,Medium,50.0,0.006,0.988,0.006
Medium,Medium,50.0,0.006,0.988,0.006
Medium,Medium,50.0,0.006,0.987,0.006
High,High,99.2,0.007,0.002,0.991
Medium,Medium,50.0,0.007,0.987,0.006
Low,Low,0.6,0.991,0.006,0.003
Low,Low,0.6,0.991,0.006,0.003
Medium,Medium,49.8,0.011,0.983,0.006
Medium,Medium,50.0,0.006,0.988,0.006
Low,Low,0.6,0.991,0.006,0.003
High,High,99.2,0.007,0.002,0.991
High,High,99.2,0.007,0.002,0.991
Medium,Medium,50.0,0.006,0.988,0.006
Medium,Medium,50.0,0.006,0.988,0.006
Medium,Medium,50.0,0.006,0.988,0.006
Medium,Medium,50.0,0.006,0.988,0.006
Low,Low,0.6,0.991,0.006,0.003
Low,Low,0.6,0.991,0.006,0.003
Low,Low,0.6,0.991,0.006,0.003
Medium,Medium,50.0,0.006,0.987,0.007
Medium,Medium,50.0,0.006,0.988,0.006
Medium,Medium,49.9,0.007,0.987,0.006
Medium,Medium,50.0,0.006,0.988,0.006
Low,Low,0.6,0.991,0.006,0.003
Medium,Medium,50.0,0.006,0.988,0.006
High,High,99.2,0.007,0.002,0.991
Medium,Medium,50.0,0.007,0.987,0.006
Medium,Medium,50.2,0.006,0.983,0.011
Medium,Medium,50.0,0.007,0.987,0.006
Low,Low,0.6,0.991,0.006,0.003
Medium,Medium,50.0,0.006,0.988,0.006
Medium,Medium,50.0,0.006,0.988,0.006
Medium,Medium,50.0,0.006,0.988,0.006
Low,Low,0.6,0.991,0.006,0.003
Low,Low,0.6,0.99,0.007,0.003
High,High,99.2,0.007,0.003,0.991
Low,Low,0.6,0.991,0.006,0.003
Medium,Medium,50.0,0.006,0.987,0.007
Low,Low,0.6,0.991,0.006,0.003
Low,Low,0.6,0.99,0.006,0.003
Medium,Medium,50.0,0.006,0.988,0.006
High,High,99.2,0.007,0.003,0.991
High,High,99.2,0.007,0.002,0.991
High,High,99.2,0.007,0.002,0.991
Medium,Medium,50.0,0.006,0.988,0.006
High,High,99.2,0.007,0.002,0.991
High,High,99.2,0.007,0.002,0.991
High,High,99.2,0.007,0.002,0.991
Low,Low,0.6,0.991,0.006,0.003
Low,Low,0.6,0.991,0.006,0.003
Low,Low,0.6,0.991,0.006,0.003
Low,Low,0.6,0.991,0.006,0.003
Medium,Medium,50.0,0.006,0.987,0.006
High,High,99.2,0.007,0.002,0.991
Low,Low,1.8,0.968,0.028,0.004
Medium,Medium,49.9,0.008,0.986,0.006
Medium,Medium,50.0,0.006,0.988,0.006
Low,Low,0.6,0.991,0.006,0.003
High,High,99.2,0.007,0.002,0.991
Medium,Medium,50.0,0.007,0.987,0.006
Low,Low,0.6,0.991,0.006,0.003
Medium,Medium,50.0,0.006,0.988,0.006
Medium,Medium,50.0,0.006,0.988,0.006
Low,Low,0.6,0.991,0.006,0.003
Medium,Medium,50.0,0.007,0.987,0.006
Low,Low,0.6,0.991,0.006,0.003
Low,Low,0.6,0.991,0.006,0.003
High,High,99.2,0.007,0.002,0.991
High,High,99.2,0.007,0.002,0.991
Medium,Medium,50.0,0.006,0.988,0.006
Medium,Medium,50.0,0.006,0.988,0.006
High,High,99.2,0.007,0.002,0.991
Medium,Medium,49.7,0.012,0.982,0.006
Medium,Medium,50.0,0.006,0.988,0.006
Medium,Medium,49.8,0.009,0.985,0.006
Low,Low,0.6,0.991,0.006,0.003
Low,Low,0.6,0.991,0.006,0.003
Low,Low,0.6,0.991,0.006,0.003
Medium,Medium,50.0,0.006,0.988,0.006
High,High,99.2,0.007,0.003,0.991
Medium,Medium,49.9,0.009,0.986,0.006
High,High,99.2,0.007,0.002,0.991
Low,Low,0.6,0.991,0.006,0.003
High,High,99.2,0.007,0.002,0.991
High,High,99.2,0.007,0.002,0.991
Medium,Medium,50.0,0.006,0.987,0.006
Medium,Medium,50.0,0.006,0.988,0.006
High,High,99.2,0.007,0.002,0.991
High,High,99.2,0.007,0.002,0.991
Low,Low,0.6,0.991,0.006,0.003
High,High,99.2,0.007,0.002,0.991
High,High,99.2,0.007,0.002,0.991
High,High,99.2,0.007,0.002,0.991
Medium,Medium,50.0,0.006,0.988,0.006
Low,Low,0.6,0.991,0.006,0.003
Medium,Medium,50.0,0.006,0.988,0.006
High,High,99.2,0.007,0.002,0.991
Medium,Medium,49.8,0.01,0.984,0.006
High,High,99.2,0.007,0.002,0.991
Medium,Medium,49.1,0.025,0.97,0.006
Low,Low,0.6,0.991,0.006,0.003
Medium,Medium,50.0,0.006,0.988,0.006
Low,Low,0.6,0.99,0.006,0.003
Low,Low,0.6,0.991,0.006,0.003
Medium,Medium,50.0,0.006,0.988,0.006
Medium,Medium,50.0,0.006,0.987,0.006
High,High,99.2,0.007,0.002,0.991
High,High,99.2,0.007,0.002,0.991
Low,Low,0.6,0.991,0.006,0.003
Medium,Medium,50.0,0.006,0.988,0.006
Medium,Medium,50.0,0.006,0.988,0.006
High,High,99.2,0.007,0.002,0.991
Low,Low,0.6,0.991,0.006,0.003
Low,Low,0.6,0.991,0.006,0.003
Low,Low,0.6,0.991,0.006,0.003
Medium,Medium,50.0,0.006,0.987,0.006
Low,Low,0.6,0.991,0.006,0.003
Low,Low,0.6,0.991,0.006,0.003
Medium,Medium,50.0,0.006,0.988,0.006
Low,Low,0.6,0.991,0.006,0.003
Low,Low,0.7,0.99,0.007,0.003
Medium,Medium,49.9,0.008,0.986,0.006
Medium,Medium,50.0,0.006,0.988,0.006
Low,Low,0.6,0.991,0.006,0.003
Medium,Medium,50.0,0.006,0.988,0.006
High,High,99.2,0.007,0.002,0.991
High,High,99.2,0.007,0.002,0.991
Low,Low,0.6,0.991,0.006,0.003
Low,Low,0.6,0.991,0.006,0.003
Medium,Medium,50.0,0.006,0.988,0.006
Low,Low,0.6,0.991,0.006,0.003
Medium,Medium,50.0,0.006,0.988,0.006
High,High,99.2,0.007,0.002,0.991
High,High,99.2,0.007,0.002,0.991
Medium,Medium,50.0,0.006,0.988,0.006
Low,Low,0.6,0.991,0.006,0.003
Medium,Medium,49.9,0.007,0.987,0.006
High,High,99.2,0.007,0.002,0.991
High,High,99.2,0.007,0.002,0.991
Low,Low,0.6,0.991,0.006,0.003
High,High,99.2,0.007,0.002,0.991
Low,Low,0.6,0.991,0.006,0.003
Medium,Medium,50.0,0.007,0.987,0.006
High,High,99.2,0.007,0.002,0.991
Low,Low,0.7,0.99,0.007,0.003
Medium,Medium,50.0,0.006,0.988,0.006
High,High,99.2,0.007,0.003,0.991
Medium,Medium,50.0,0.006,0.988,0.006
Low,Low,0.6,0.991,0.006,0.003
Medium,Medium,50.0,0.006,0.987,0.006
High,High,99.2,0.007,0.002,0.991
Low,Low,0.6,0.991,0.006,0.003
Low,Low,0.8,0.988,0.009,0.003
Low,Low,0.6,0.991,0.006,0.003
Low,Low,0.6,0.991,0.006,0.003
Medium,Medium,50.0,0.006,0.988,0.006
High,High,99.2,0.007,0.002,0.991
Low,Low,0.6,0.991,0.006,0.003
Low,Low,0.6,0.991,0.006,0.003
Medium,Medium,50.0,0.006,0.988,0.006
Low,Low,0.6,0.991,0.006,0.003
High,High,99.2,0.007,0.002,0.991
High,High,99.2,0.007,0.002,0.991
Medium,Medium,49.9,0.007,0.987,0.006
Low,Low,0.6,0.991,0.006,0.003
Low,Low,0.6,0.991,0.006,0.003
Medium,Medium,50.0,0.006,0.988,0.006
High,High,99.2,0.007,0.002,0.991
Medium,Medium,50.0,0.006,0.988,0.006
High,High,99.2,0.007,0.002,0.991
High,High,99.2,0.007,0.002,0.991
High,High,99.2,0.007,0.002,0.991
Low,Low,0.6,0.991,0.006,0.003
Medium,Medium,50.0,0.006,0.988,0.006
High,High,99.2,0.007,0.002,0.991
Medium,Medium,50.0,0.006,0.987,0.006
Medium,Medium,49.4,0.019,0.975,0.006
High,High,99.2,0.007,0.003,0.991
High,High,99.2,0.007,0.002,0.991
Medium,Medium,48.5,0.036,0.959,0.006
Medium,Medium,50.0,0.006,0.988,0.006
High,High,99.2,0.007,0.002,0.991
Medium,Medium,50.0,0.006,0.988,0.006
High,High,99.2,0.007,0.002,0.991
Medium,Medium,50.0,0.007,0.987,0.006
Low,Low,0.6,0.991,0.006,0.003
Medium,Medium,50.0,0.006,0.988,0.006
Low,Low,0.6,0.991,0.006,0.003
Medium,Medium,50.0,0.006,0.988,0.006
Low,Low,0.6,0.991,0.006,0.003
Medium,Medium,50.0,0.006,0.988,0.006
High,High,99.2,0.007,0.002,0.991
High,High,98.8,0.008,0.009,0.983
Medium,Medium,50.0,0.006,0.988,0.006
Low,Low,0.6,0.991,0.006,0.003
Low,Low,0.6,0.991,0.006,0.003
Low,Low,0.6,0.991,0.006,0.003
Low,Low,0.6,0.991,0.006,0.003
Low,Low,0.6,0.991,0.006,0.003
Medium,Medium,50.0,0.006,0.988,0.006
Medium,Medium,50.0,0.006,0.988,0.006
Low,Low,0.6,0.991,0.006,0.003
Medium,Medium,50.1,0.006,0.986,0.008
Low,Low,0.6,0.991,0.006,0.003
High,High,99.2,0.007,0.002,0.991
High,High,99.2,0.007,0.002,0.991
Medium,Medium,50.0,0.006,0.987,0.006
Low,Low,0.6,0.991,0.006,0.003
Low,Low,0.6,0.991,0.006,0.003
High,High,99.2,0.007,0.002,0.991
High,High,99.2,0.007,0.002,0.991
Low,Low,0.6,0.991,0.006,0.003
Low,Low,0.6,0.991,0.006,0.003
Low,Low,0.6,0.991,0.006,0.003
Medium,Medium,50.0,0.006,0.988,0.006
Medium,Medium,50.0,0.006,0.988,0.006
Low,Low,0.8,0.988,0.009,0.003
Medium,Medium,50.0,0.006,0.988,0.006
Medium,Medium,50.0,0.006,0.988,0.006
High,High,99.2,0.007,0.002,0.991
Low,Low,0.6,0.991,0.006,0.003
Medium,Medium,50.0,0.006,0.988,0.006
High,High,99.2,0.007,0.002,0.991
Low,Low,0.6,0.991,0.006,0.003
Medium,Medium,50.0,0.006,0.988,0.006
Low,Low,0.6,0.991,0.006,0.003
Low,Low,0.6,0.991,0.006,0.003
High,High,99.2,0.007,0.002,0.991
Medium,Medium,50.0,0.006,0.987,0.006
Medium,Medium,49.9,0.008,0.986,0.006
Low,Low,0.6,0.991,0.006,0.003
Low,Low,0.6,0.991,0.006,0.003
Low,Low,0.6,0.991,0.006,0.003
Low,Low,0.6,0.99,0.006,0.003
High,High,99.2,0.007,0.002,0.991
Low,Low,0.6,0.991,0.006,0.003
Medium,Medium,50.0,0.006,0.987,0.007
Medium,Medium,50.0,0.007,0.987,0.006
Medium,Medium,50.0,0.007,0.987,0.006
Medium,Medium,50.0,0.006,0.988,0.006
Low,Low,0.6,0.991,0.006,0.003
Medium,Medium,49.8,0.01,0.984,0.006
Low,Low,0.6,0.991,0.006,0.003
Medium,Medium,49.8,0.01,0.984,0.006
Low,Low,0.6,0.991,0.006,0.003
Medium,Medium,50.0,0.006,0.988,0.006
Medium,Medium,50.0,0.006,0.988,0.006
High,High,99.1,0.007,0.003,0.99
High,High,99.2,0.007,0.003,0.99
Low,Low,0.6,0.991,0.006,0.003
Medium,Medium,47.6,0.054,0.94,0.006
High,High,99.2,0.007,0.002,0.991
High,High,99.2,0.007,0.002,0.991
Medium,Medium,50.0,0.007,0.987,0.006
Medium,Medium,50.0,0.006,0.988,0.006
High,High,99.2,0.007,0.002,0.991
Medium,Medium,50.0,0.006,0.987,0.006
Medium,Medium,50.0,0.006,0.988,0.006
Low,Low,0.6,0.991,0.006,0.003
Low,Low,0.6,0.99,0.007,0.003
Low,Low,0.6,0.991,0.006,0.003
Low,Low,1.4,0.976,0.021,0.003
Low,Low,0.6,0.991,0.006,0.003
Medium,Medium,50.0,0.006,0.988,0.006
Low,Low,0.6,0.991,0.006,0.003
Low,Low,0.6,0.991,0.006,0.003
Medium,Medium,50.0,0.007,0.986,0.007
Low,Low,0.6,0.991,0.006,0.003
Low,Low,0.6,0.991,0.006,0.003
Low,Low,0.6,0.991,0.006,0.003
Low,Low,0.6,0.991,0.006,0.003
Medium,Medium,50.0,0.007,0.987,0.006
Low,Low,0.6,0.991,0.006,0.003
Medium,Medium,50.0,0.006,0.988,0.006
Medium,Medium,50.0,0.006,0.988,0.006
High,High,99.2,0.007,0.002,0.991
Low,Low,0.6,0.991,0.006,0.003
Medium,Medium,49.9,0.007,0.987,0.006
Medium,Medium,50.0,0.006,0.988,0.006
Low,Low,0.6,0.991,0.006,0.003
High,High,99.2,0.007,0.002,0.991
Medium,Medium,50.0,0.006,0.988,0.006
Medium,Medium,50.0,0.006,0.988,0.006
Low,Low,0.6,0.991,0.006,0.003
Medium,Medium,50.0,0.006,0.988,0.006
Medium,Medium,49.6,0.014,0.98,0.006
Medium,Medium,49.9,0.007,0.987,0.006
High,High,99.2,0.007,0.003,0.99
Medium,Medium,50.0,0.006,0.988,0.006
Low,Low,0.6,0.991,0.006,0.003
Medium,Medium,50.0,0.006,0.988,0.006
Medium,Medium,50.0,0.006,0.988,0.006
Medium,Medium,50.0,0.007,0.987,0.006
Medium,Medium,50.0,0.006,0.988,0.006
Medium,Medium,50.0,0.006,0.988,0.006
High,High,99.2,0.007,0.002,0.991
High,High,99.2,0.007,0.003,0.99
High,High,99.2,0.007,0.003,0.99
Medium,Medium,50.0,0.006,0.988,0.006
Low,Low,0.6,0.991,0.006,0.003
Low,Low,0.6,0.991,0.006,0.003
Medium,Medium,50.0,0.006,0.988,0.006
Low,Low,0.6,0.991,0.006,0.003
High,High,99.2,0.007,0.002,0.991
Medium,Medium,49.9,0.008,0.986,0.006
Low,Low,0.6,0.991,0.006,0.003
Low,Low,0.6,0.991,0.006,0.003
Low,Low,0.6,0.991,0.006,0.003
Low,Low,0.6,0.991,0.006,0.003
Low,Low,0.6,0.991,0.006,0.003
Medium,Medium,50.2,0.007,0.983,0.01
Medium,Medium,50.0,0.006,0.988,0.006
High,High,99.2,0.007,0.003,0.99
Medium,Medium,50.3,0.006,0.982,0.012
Low,Low,0.6,0.991,0.006,0.003
High,High,99.2,0.007,0.002,0.991
Medium,Medium,50.0,0.006,0.987,0.007
Medium,Medium,50.0,0.006,0.987,0.006
Low,Low,0.6,0.991,0.006,0.003
Low,Low,0.6,0.991,0.006,0.003
Medium,Medium,50.1,0.006,0.985,0.009
Medium,Medium,50.0,0.006,0.988,0.006
High,High,99.2,0.007,0.002,0.991
Medium,Medium,50.0,0.006,0.988,0.006
Medium,Medium,49.9,0.007,0.987,0.006
Low,Low,0.6,0.991,0.006,0.003
High,High,99.2,0.007,0.002,0.991
High,High,99.2,0.007,0.002,0.991
Low,Low,0.6,0.991,0.006,0.003
Medium,Medium,50.0,0.006,0.988,0.006
Medium,Medium,50.0,0.006,0.988,0.006
Low,Low,0.6,0.991,0.006,0.003
Low,Low,0.6,0.991,0.006,0.003
High,High,99.2,0.007,0.002,0.991
Low,Low,0.6,0.991,0.006,0.003
Medium,Medium,50.0,0.006,0.988,0.006
Low,Low,0.8,0.988,0.009,0.003
Medium,Medium,50.0,0.006,0.988,0.006
Low,Low,0.6,0.991,0.006,0.003
Medium,Medium,50.0,0.006,0.988,0.006
Medium,Medium,50.0,0.006,0.988,0.006
Medium,Medium,50.0,0.006,0.988,0.006
Low,Low,0.6,0.991,0.006,0.003
Medium,Medium,50.0,0.006,0.988,0.006
Low,Low,0.6,0.991,0.006,0.003
Low,Low,0.6,0.991,0.006,0.003
High,High,99.2,0.007,0.003,0.99
High,High,99.2,0.007,0.002,0.991
High,High,99.2,0.007,0.002,0.991
Low,Low,0.6,0.991,0.006,0.003
Medium,Medium,50.0,0.006,0.988,0.006
Low,Low,0.6,0.991,0.006,0.003
High,High,99.2,0.007,0.002,0.991
Medium,Medium,50.0,0.006,0.988,0.006
Low,Low,0.6,0.991,0.006,0.003
Medium,Medium,50.0,0.007,0.986,0.007
High,High,99.1,0.007,0.003,0.99
High,High,99.2,0.007,0.002,0.991
Low,Low,0.6,0.991,0.006,0.003
High,High,99.2,0.007,0.002,0.991
High,High,99.2,0.007,0.002,0.991
Low,Low,0.6,0.991,0.006,0.003
Low,Low,0.6,0.991,0.006,0.003
High,High,99.2,0.007,0.003,0.99
Medium,Medium,50.0,0.006,0.988,0.006
High,High,99.2,0.007,0.002,0.991
Low,Low,0.6,0.991,0.006,0.003
Medium,Medium,50.0,0.007,0.987,0.006
Medium,Medium,50.0,0.006,0.988,0.006
Low,Low,0.6,0.991,0.006,0.003
High,High,99.2,0.007,0.002,0.991
Low,Low,0.6,0.991,0.006,0.003
Low,Low,0.6,0.991,0.006,0.003
Low,Low,1.7,0.969,0.027,0.003
Medium,Medium,50.0,0.006,0.988,0.006
Low,Low,0.6,0.991,0.006,0.003
Low,Low,0.6,0.991,0.006,0.003
Low,Low,0.6,0.991,0.006,0.003
Medium,Medium,50.0,0.006,0.988,0.006
Medium,Medium,50.0,0.006,0.987,0.006
Medium,Medium,50.0,0.006,0.988,0.006
High,High,99.2,0.007,0.002,0.991
Low,Low,0.6,0.991,0.006,0.003
High,High,99.2,0.007,0.003,0.99
Medium,Medium,50.0,0.006,0.988,0.006
Medium,Medium,50.0,0.006,0.988,0.006
High,High,99.2,0.007,0.002,0.991
Low,Low,0.6,0.991,0.006,0.003
Medium,Medium,50.0,0.007,0.987,0.006
Low,Low,0.6,0.991,0.006,0.003
Medium,Medium,50.0,0.006,0.988,0.006
Medium,Medium,50.0,0.006,0.988,0.006
Low,Low,0.6,0.991,0.006,0.003
Low,Low,0.6,0.991,0.006,0.003
Medium,Medium,50.0,0.006,0.988,0.006
Medium,Medium,50.0,0.006,0.988,0.006
Low,Low,0.6,0.991,0.006,0.003
Medium,Medium,50.0,0.006,0.988,0.006
High,High,99.2,0.007,0.002,0.991
Medium,Medium,50.0,0.006,0.987,0.007
Medium,Medium,50.0,0.006,0.988,0.006
Low,Low,0.6,0.991,0.006,0.003
Low,Low,0.6,0.991,0.006,0.003
Low,Low,0.6,0.991,0.006,0.003
High,High,99.2,0.007,0.002,0.991
Low,Low,0.6,0.991,0.006,0.003
High,High,99.2,0.007,0.002,0.991
High,High,99.2,0.007,0.002,0.991
High,High,99.2,0.007,0.002,0.991
Low,Low,0.6,0.991,0.006,0.003
Medium,Medium,50.0,0.007,0.987,0.006
High,High,99.2,0.007,0.002,0.991
High,High,99.2,0.007,0.002,0.991
Low,Low,0.6,0.991,0.006,0.003
Low,Low,0.6,0.991,0.006,0.003
High,High,99.2,0.007,0.002,0.991
Low,Low,0.6,0.991,0.006,0.003
High,High,99.2,0.007,0.002,0.991
Low,Low,0.6,0.991,0.006,0.003
Medium,Medium,49.9,0.007,0.987,0.006
Low,Low,0.6,0.991,0.006,0.003
Low,Low,0.6,0.991,0.006,0.003
High,High,99.2,0.007,0.002,0.991
Medium,Medium,50.0,0.006,0.988,0.006
Medium,Medium,50.0,0.006,0.988,0.006
Low,Low,0.6,0.991,0.006,0.003
Low,Low,0.6,0.991,0.006,0.003
Low,Low,0.6,0.991,0.006,0.003
High,High,99.2,0.007,0.002,0.991
High,High,99.2,0.007,0.002,0.991
High,High,99.2,0.007,0.002,0.991
Low,Low,0.6,0.991,0.006,0.003
Medium,Medium,50.0,0.006,0.987,0.006
Medium,Medium,50.2,0.007,0.983,0.011
High,High,99.2,0.007,0.002,0.991
Medium,Medium,50.0,0.006,0.988,0.006
High,High,99.2,0.007,0.002,0.991
Low,Low,1.4,0.976,0.021,0.003
Medium,Medium,50.0,0.006,0.988,0.006
Medium,Medium,50.0,0.006,0.988,0.006
Low,Low,0.6,0.991,0.006,0.003
Medium,Medium,50.0,0.006,0.988,0.006
Low,Low,0.6,0.991,0.006,0.003
Low,Low,0.6,0.991,0.006,0.003
Medium,Medium,50.0,0.006,0.988,0.006
Low,Low,0.6,0.991,0.006,0.003
Medium,Medium,50.0,0.006,0.988,0.006
Medium,Medium,50.0,0.006,0.987,0.006
Low,Low,0.6,0.991,0.006,0.003
High,High,99.2,0.007,0.002,0.991
Medium,Medium,50.0,0.007,0.987,0.006
High,High,99.2,0.007,0.002,0.991
Low,Low,0.6,0.991,0.006,0.003
Medium,Medium,50.0,0.006,0.988,0.006
Low,Low,0.6,0.991,0.006,0.003
Low,Low,0.6,0.991,0.006,0.003
Low,Low,4.5,0.913,0.083,0.004
Medium,Medium,50.0,0.007,0.987,0.006
Medium,Medium,50.0,0.006,0.988,0.006
Medium,Medium,49.9,0.007,0.987,0.006
Low,Low,0.6,0.991,0.006,0.003
High,High,99.2,0.007,0.002,0.991
High,High,99.2,0.007,0.002,0.991
Medium,Medium,50.0,0.006,0.988,0.006
Low,Low,0.6,0.991,0.006,0.003
Low,Low,0.6,0.991,0.006,0.003
Medium,Medium,50.0,0.007,0.987,0.006
Medium,Medium,50.0,0.006,0.988,0.006
Low,Low,0.6,0.991,0.006,0.003
High,High,99.2,0.007,0.002,0.991
Medium,Medium,50.0,0.006,0.988,0.006
Low,Low,0.6,0.991,0.006,0.003
Medium,Medium,50.0,0.007,0.987,0.006
High,High,99.2,0.007,0.002,0.991
Medium,Medium,49.9,0.008,0.986,0.006
Medium,Medium,50.0,0.006,0.988,0.006
Low,Low,0.6,0.991,0.006,0.003
High,High,99.2,0.007,0.002,0.991
Medium,Medium,50.0,0.006,0.988,0.006
Medium,Medium,50.0,0.006,0.988,0.006
Low,Low,0.6,0.991,0.006,0.003
Low,Low,0.6,0.991,0.006,0.003
Medium,Medium,50.0,0.006,0.987,0.007
Medium,Medium,50.0,0.006,0.988,0.006
Low,Low,0.6,0.991,0.006,0.003
High,High,99.2,0.007,0.002,0.991
Low,Low,0.6,0.991,0.006,0.003
Medium,Medium,50.1,0.006,0.987,0.007
Low,Low,0.6,0.991,0.006,0.003
Low,Low,0.6,0.991,0.006,0.003
High,High,99.2,0.007,0.002,0.991
Low,Low,0.6,0.991,0.006,0.003
Low,Low,0.6,0.991,0.006,0.003
Medium,Medium,50.0,0.006,0.988,0.006
Low,Low,0.6,0.991,0.006,0.003
Low,Low,0.6,0.991,0.006,0.003
Low,Low,0.6,0.991,0.006,0.003
Low,Low,0.6,0.991,0.006,0.003
Low,Low,0.6,0.991,0.006,0.003
High,High,99.2,0.007,0.002,0.991
High,High,99.2,0.007,0.002,0.991
High,High,99.2,0.007,0.002,0.991
Low,Low,0.6,0.991,0.006,0.003
Medium,Medium,50.0,0.006,0.987,0.007
Low,Low,0.6,0.991,0.006,0.003
Low,Low,0.7,0.99,0.007,0.003
Low,Low,0.6,0.991,0.006,0.003
Medium,Medium,50.0,0.006,0.987,0.007
Low,Low,0.6,0.991,0.006,0.003
Low,Low,0.6,0.991,0.006,0.003
Medium,Medium,50.0,0.006,0.988,0.006
Low,Low,0.6,0.991,0.006,0.003
Medium,Medium,50.0,0.006,0.988,0.006
Medium,Medium,50.0,0.006,0.987,0.006
Low,Low,0.6,0.991,0.006,0.003
Low,Low,0.6,0.991,0.006,0.003
Low,Low,0.7,0.99,0.007,0.003
Low,Low,0.6,0.991,0.006,0.003
Low,Low,0.6,0.99,0.007,0.003
Low,Low,0.6,0.991,0.006,0.003
High,High,99.2,0.007,0.002,0.991
Low,Low,0.6,0.991,0.006,0.003
High,High,99.2,0.007,0.002,0.991
Low,Low,0.8,0.987,0.01,0.003
Medium,Medium,49.6,0.013,0.981,0.006
High,High,99.2,0.007,0.002,0.991
Medium,Medium,50.0,0.007,0.987,0.006
Low,Low,0.6,0.991,0.006,0.003
Low,Low,0.6,0.991,0.006,0.003
Medium,Medium,50.0,0.006,0.988,0.006
Medium,Medium,49.9,0.008,0.985,0.006
Medium,Medium,50.0,0.006,0.988,0.006
Medium,Medium,50.0,0.006,0.988,0.006
Medium,Medium,50.0,0.006,0.988,0.006
Medium,Medium,50.0,0.006,0.988,0.006
High,High,99.2,0.007,0.002,0.991
High,High,99.2,0.007,0.002,0.991
Low,Low,0.6,0.991,0.006,0.003
Low,Low,0.6,0.991,0.006,0.003
Medium,Medium,50.0,0.007,0.987,0.006
Low,Low,0.6,0.991,0.006,0.003
Low,Low,0.6,0.991,0.006,0.003
Low,Low,0.6,0.991,0.006,0.003
Low,Low,0.6,0.991,0.006,0.003
Low,Low,0.6,0.991,0.006,0.003
Medium,Medium,50.0,0.006,0.988,0.006
Low,Low,0.9,0.985,0.012,0.003
High,High,99.2,0.007,0.002,0.991
Medium,Medium,50.0,0.006,0.987,0.006
Low,Low,0.6,0.991,0.006,0.003
High,High,99.2,0.007,0.003,0.991
High,High,99.2,0.007,0.002,0.991
Low,Low,0.6,0.991,0.006,0.003
High,High,99.2,0.007,0.002,0.991
Low,Low,0.6,0.991,0.006,0.003
Low,Low,0.6,0.991,0.006,0.003
Low,Low,0.6,0.991,0.006,0.003
Medium,Medium,50.0,0.006,0.988,0.006
Medium,Medium,50.0,0.006,0.988,0.006
Medium,Medium,50.0,0.006,0.988,0.006
Medium,Medium,50.0,0.006,0.988,0.006
Low,Low,0.6,0.991,0.006,0.003
Low,Low,0.6,0.991,0.006,0.003
Medium,Medium,50.0,0.006,0.988,0.006
Medium,Medium,50.0,0.006,0.988,0.006
Low,Low,0.6,0.991,0.006,0.003
Low,Low,0.6,0.991,0.006,0.003
High,High,99.2,0.007,0.002,0.991
Medium,Medium,49.9,0.008,0.986,0.006
Medium,Medium,50.3,0.006,0.983,0.011
Medium,Medium,50.0,0.006,0.988,0.006
Medium,Medium,50.0,0.006,0.988,0.006
High,High,99.2,0.007,0.002,0.991
Medium,Medium,50.0,0.006,0.988,0.006
High,High,99.2,0.007,0.002,0.991
Low,Low,0.6,0.991,0.006,0.003
Low,Low,0.6,0.991,0.006,0.003
Low,Low,0.6,0.991,0.006,0.003
Low,Low,0.6,0.991,0.006,0.003
Low,Low,0.6,0.991,0.006,0.003
Low,Low,0.6,0.991,0.006,0.003
Medium,Medium,50.0,0.006,0.987,0.006
Low,Low,1.5,0.973,0.024,0.003
Medium,Medium,50.1,0.006,0.985,0.009
Medium,Medium,50.0,0.006,0.988,0.006
Low,Low,0.6,0.991,0.006,0.003
Low,Low,0.6,0.991,0.006,0.003
Low,Low,0.7,0.989,0.008,0.003
Medium,Medium,49.9,0.007,0.987,0.006
Medium,Medium,50.0,0.006,0.988,0.006
Low,Low,0.6,0.991,0.006,0.003
Low,Low,0.6,0.991,0.006,0.003
Medium,Medium,49.3,0.02,0.974,0.006
Medium,Medium,50.0,0.006,0.988,0.006
Medium,Medium,48.9,0.028,0.966,0.006
Medium,Medium,49.8,0.009,0.985,0.006
Low,Low,0.6,0.991,0.006,0.003
Medium,Medium,49.9,0.009,0.985,0.006
Medium,Medium,50.0,0.006,0.988,0.006
Medium,Medium,50.0,0.006,0.988,0.006
Low,Low,0.6,0.991,0.006,0.003
Low,Low,0.6,0.991,0.006,0.003
Medium,Medium,50.2,0.006,0.984,0.01
High,High,99.2,0.007,0.002,0.991
High,High,99.2,0.007,0.002,0.991
Low,Low,0.9,0.985,0.012,0.003
Medium,Medium,50.0,0.006,0.987,0.007
Medium,Medium,50.0,0.006,0.988,0.006
Low,Low,0.6,0.991,0.006,0.003
Low,Low,0.6,0.991,0.006,0.003
Low,Low,0.6,0.991,0.006,0.003
High,High,99.2,0.007,0.002,0.991
Medium,Medium,50.0,0.006,0.988,0.006
High,High,99.2,0.007,0.002,0.991
Low,Low,0.7,0.989,0.008,0.003
Low,Low,0.6,0.991,0.006,0.003
Medium,Medium,50.0,0.006,0.988,0.006
Low,Low,0.6,0.991,0.006,0.003
Medium,Medium,50.0,0.006,0.988,0.006
Low,Low,0.6,0.991,0.006,0.003
Medium,Medium,50.0,0.006,0.987,0.006
Low,Low,0.6,0.991,0.006,0.003
Medium,Medium,50.0,0.006,0.988,0.006
Medium,Medium,50.0,0.006,0.988,0.006
Low,Low,0.6,0.991,0.006,0.003
High,High,99.2,0.007,0.002,0.991
Low,Low,2.0,0.963,0.033,0.003
Low,Low,0.6,0.991,0.006,0.003
Low,Low,0.6,0.991,0.006,0.003
Medium,Medium,50.0,0.006,0.987,0.006
Medium,Medium,50.0,0.006,0.987,0.006
Low,Low,0.6,0.991,0.006,0.003
Low,Low,0.8,0.987,0.009,0.003
Medium,Medium,50.0,0.006,0.987,0.007
Medium,Medium,50.0,0.006,0.987,0.007
Low,Low,0.6,0.991,0.006,0.003
Medium,Medium,50.0,0.006,0.988,0.006
Low,Low,0.6,0.991,0.006,0.003
High,High,99.2,0.007,0.002,0.991
High,High,99.2,0.007,0.002,0.991
Medium,Medium,50.0,0.007,0.987,0.006
Low,Low,0.6,0.991,0.006,0.003
Low,Low,0.6,0.991,0.006,0.003
High,High,99.2,0.007,0.002,0.991
High,High,99.2,0.007,0.002,0.991
Low,Low,0.6,0.991,0.006,0.003
High,High,99.2,0.007,0.002,0.991
High,High,99.2,0.007,0.002,0.991
Low,Low,0.6,0.991,0.006,0.003
Medium,Medium,50.0,0.007,0.987,0.006
Low,Low,0.6,0.99,0.006,0.003
Medium,Medium,50.0,0.006,0.988,0.006
Low,Low,0.6,0.991,0.006,0.003
Low,Low,0.6,0.991,0.006,0.003
Medium,Medium,50.0,0.006,0.988,0.006
Low,Low,0.6,0.991,0.006,0.003
Low,Low,0.6,0.991,0.006,0.003
High,High,99.2,0.007,0.002,0.991
High,High,99.2,0.007,0.002,0.991
High,High,99.2,0.007,0.002,0.991
Low,Low,0.6,0.991,0.006,0.003
Medium,Medium,50.0,0.006,0.988,0.006
Medium,Medium,50.0,0.006,0.987,0.006
High,High,99.2,0.007,0.002,0.991
Medium,Medium,50.0,0.007,0.987,0.006
Medium,Medium,50.1,0.006,0.986,0.008
High,High,99.2,0.007,0.002,0.991
Medium,Medium,50.0,0.006,0.987,0.007
Low,Low,0.6,0.991,0.006,0.003
Low,Low,3.5,0.935,0.061,0.004
High,High,99.2,0.007,0.002,0.991
High,High,99.1,0.007,0.003,0.99
Low,Low,0.6,0.991,0.006,0.003
High,High,99.2,0.007,0.002,0.991
Medium,Medium,50.0,0.006,0.988,0.006
Low,Low,0.6,0.991,0.006,0.003
Low,Low,0.6,0.991,0.006,0.003
High,High,99.2,0.007,0.002,0.991
Medium,Medium,50.0,0.006,0.987,0.006
Low,Low,0.6,0.991,0.006,0.003
Low,Low,0.6,0.991,0.006,0.003
Medium,Medium,50.0,0.006,0.988,0.006
High,High,99.2,0.007,0.002,0.991
Medium,Medium,50.0,0.006,0.988,0.006
High,High,99.2,0.007,0.002,0.991
Low,Low,0.6,0.991,0.006,0.003
Medium,Medium,50.0,0.006,0.988,0.006
High,High,99.2,0.007,0.002,0.991
Medium,Medium,50.0,0.006,0.988,0.006
Medium,Medium,50.0,0.007,0.987,0.006
Medium,Medium,50.0,0.006,0.988,0.006
Medium,Medium,50.0,0.006,0.988,0.006
High,High,99.2,0.007,0.002,0.991
Low,Low,0.6,0.991,0.006,0.003
Medium,Medium,50.0,0.006,0.987,0.006
Medium,Medium,50.0,0.006,0.988,0.006
Low,Low,0.6,0.991,0.006,0.003
Medium,Medium,50.0,0.006,0.988,0.006
Medium,Medium,49.8,0.009,0.985,0.006
Medium,Medium,50.0,0.006,0.988,0.006
High,High,99.2,0.007,0.002,0.991
Medium,Medium,50.0,0.006,0.988,0.006
Medium,Medium,49.6,0.013,0.981,0.006
High,High,99.2,0.007,0.002,0.991
Low,Low,0.6,0.991,0.006,0.003
Low,Low,0.6,0.991,0.006,0.003
High,High,99.2,0.007,0.002,0.991
High,High,99.2,0.007,0.002,0.991
Medium,Medium,50.2,0.007,0.982,0.012
High,High,99.2,0.007,0.002,0.991
Medium,Medium,50.0,0.006,0.988,0.006
Low,Low,0.6,0.991,0.006,0.003
Low,Low,1.0,0.984,0.013,0.003
Low,Low,0.6,0.991,0.006,0.003
Low,Low,0.6,0.991,0.006,0.003
Low,Low,0.6,0.991,0.006,0.003
Medium,Medium,50.0,0.007,0.987,0.006
Low,Low,0.6,0.991,0.006,0.003
Low,Low,0.6,0.991,0.006,0.003
Low,Low,0.6,0.99,0.006,0.003
Medium,Medium,50.0,0.006,0.988,0.006
Medium,Medium,50.0,0.006,0.987,0.006
Low,Low,0.6,0.991,0.006,0.003
Medium,Medium,50.0,0.006,0.988,0.006
High,High,99.2,0.007,0.002,0.991
Medium,Medium,50.0,0.007,0.987,0.006
Medium,Medium,50.0,0.006,0.988,0.006
High,High,99.2,0.007,0.002,0.991
Medium,Medium,50.0,0.006,0.988,0.006
Medium,Medium,50.0,0.006,0.988,0.006
Low,Low,0.6,0.991,0.006,0.003
Low,Low,0.6,0.991,0.006,0.003
Low,Low,0.6,0.991,0.006,0.003
High,High,99.2,0.007,0.002,0.991
Medium,Medium,50.0,0.006,0.988,0.006
Low,Low,0.6,0.991,0.006,0.003
Low,Low,0.6,0.991,0.006,0.003
Low,Low,0.6,0.991,0.006,0.003
Medium,Medium,50.0,0.006,0.988,0.006
High,High,99.2,0.007,0.002,0.991
Medium,Medium,50.0,0.007,0.987,0.006
High,High,99.2,0.007,0.002,0.991
High,High,99.2,0.007,0.002,0.991
Medium,Medium,50.0,0.006,0.987,0.006
Medium,Medium,50.0,0.006,0.988,0.006
Low,Low,0.9,0.986,0.01,0.003
Low,Low,0.6,0.991,0.006,0.003
Low,Low,0.6,0.991,0.006,0.003
High,High,99.2,0.007,0.002,0.991
Low,Low,0.6,0.991,0.006,0.003
High,High,99.2,0.007,0.002,0.991
Low,Low,0.6,0.991,0.006,0.003
Medium,Medium,50.0,0.006,0.987,0.007
Medium,Medium,50.0,0.006,0.987,0.007
Medium,Medium,50.0,0.006,0.988,0.006
High,High,99.2,0.007,0.002,0.991
Low,Low,0.6,0.991,0.006,0.003
Low,Low,0.6,0.991,0.006,0.003
Medium,Medium,50.0,0.006,0.988,0.006
High,High,99.2,0.007,0.002,0.991
Low,Low,0.6,0.991,0.006,0.003
Medium,Medium,50.0,0.006,0.988,0.006
Low,Low,0.6,0.991,0.006,0.003
Low,Low,0.6,0.991,0.006,0.003
High,High,99.2,0.007,0.002,0.991
Low,Low,0.6,0.991,0.006,0.003
Low,Low,0.6,0.991,0.006,0.003
Low,Low,0.6,0.991,0.006,0.003
Low,Low,0.6,0.991,0.006,0.003
Medium,Medium,50.0,0.006,0.988,0.006
High,High,99.2,0.007,0.002,0.991
Medium,Medium,50.0,0.006,0.988,0.006
High,High,99.2,0.007,0.002,0.991
High,High,99.2,0.007,0.003,0.991
Medium,Medium,50.0,0.006,0.988,0.006
Low,Low,0.6,0.991,0.006,0.003
Low,Low,0.6,0.991,0.006,0.003
Medium,Medium,50.0,0.006,0.988,0.006
Medium,Medium,50.0,0.006,0.988,0.006
High,High,99.2,0.007,0.002,0.991
Medium,Medium,50.0,0.006,0.988,0.006
Low,Low,0.6,0.991,0.006,0.003
Low,Low,0.6,0.991,0.006,0.003
High,High,99.2,0.007,0.002,0.991
Low,Low,0.6,0.991,0.006,0.003
Low,Low,0.6,0.991,0.006,0.003
Medium,Medium,49.9,0.007,0.987,0.006
Medium,Medium,49.9,0.008,0.986,0.006
Medium,Medium,50.0,0.006,0.987,0.006
Medium,Medium,50.0,0.006,0.988,0.006
High,High,98.9,0.008,0.007,0.985
Medium,Medium,50.1,0.006,0.986,0.008
Low,Low,0.6,0.991,0.006,0.003
Medium,Medium,50.0,0.006,0.988,0.006
Medium,Medium,50.0,0.006,0.988,0.006
Medium,Medium,50.0,0.006,0.988,0.006
Medium,Medium,50.0,0.006,0.988,0.006
Low,Low,0.6,0.991,0.006,0.003
Low,Low,0.7,0.99,0.007,0.003
High,High,99.2,0.007,0.002,0.991
Medium,Medium,50.0,0.006,0.988,0.006
Medium,Medium,50.0,0.006,0.988,0.006
High,High,99.2,0.007,0.002,0.991
High,High,99.2,0.007,0.002,0.991
Medium,Medium,49.9,0.008,0.986,0.006
Low,Low,0.6,0.991,0.006,0.003
Medium,Medium,50.0,0.006,0.988,0.006
Low,Low,0.6,0.991,0.006,0.003
Low,Low,0.6,0.991,0.006,0.003
High,High,99.2,0.007,0.002,0.991
High,High,99.2,0.007,0.002,0.991
High,High,99.2,0.007,0.002,0.991
Low,Low,0.6,0.991,0.006,0.003
Low,Low,0.6,0.991,0.006,0.003
Low,Low,0.6,0.991,0.006,0.003
High,High,99.2,0.007,0.002,0.991
Low,Low,0.7,0.99,0.007,0.003
Medium,Medium,50.0,0.006,0.988,0.006
Low,Low,0.6,0.991,0.006,0.003
Low,Low,0.6,0.991,0.006,0.003
Medium,Medium,49.8,0.009,0.985,0.006
Low,Low,0.6,0.991,0.006,0.003
High,High,99.2,0.007,0.002,0.991
Low,Low,0.6,0.991,0.006,0.003
High,High,99.2,0.007,0.002,0.991
High,High,99.2,0.007,0.002,0.991
Medium,Medium,50.0,0.006,0.987,0.006
Medium,Medium,50.0,0.006,0.988,0.006
High,High,99.2,0.007,0.002,0.991
High,High,99.2,0.007,0.002,0.991
Low,Low,0.6,0.991,0.006,0.003
High,High,99.2,0.007,0.002,0.991
Medium,Medium,50.1,0.006,0.986,0.007
Low,Low,0.9,0.986,0.011,0.003
Low,Low,0.6,0.991,0.006,0.003
High,High,99.2,0.007,0.002,0.991
High,High,99.2,0.007,0.002,0.991
High,High,99.2,0.007,0.002,0.991
Medium,Medium,49.7,0.012,0.982,0.006
High,High,99.2,0.007,0.002,0.991
High,High,99.2,0.007,0.003,0.99
Medium,Medium,50.0,0.006,0.987,0.007
Medium,Medium,50.0,0.006,0.987,0.006
High,High,99.2,0.007,0.003,0.99
Low,Low,0.6,0.991,0.006,0.003
High,High,99.2,0.007,0.002,0.991
Medium,Medium,49.2,0.021,0.974,0.006
Low,Low,0.6,0.991,0.006,0.003
Low,Low,0.6,0.991,0.006,0.003
High,High,99.2,0.007,0.002,0.991
Medium,Medium,49.9,0.007,0.987,0.006
High,High,99.2,0.007,0.002,0.991
Low,Low,0.6,0.991,0.006,0.003
High,High,99.2,0.007,0.002,0.991
Medium,Medium,50.0,0.006,0.988,0.006
Low,Low,0.6,0.991,0.006,0.003
Medium,Medium,49.4,0.017,0.977,0.006
Medium,Medium,50.0,0.007,0.987,0.006
Low,Low,0.6,0.991,0.006,0.003
Medium,Medium,50.0,0.006,0.987,0.006
Medium,Medium,50.0,0.006,0.987,0.006
High,High,99.2,0.007,0.003,0.99
Low,Low,21.7,0.57,0.426,0.005
High,High,99.2,0.007,0.002,0.991
Low,Low,0.6,0.991,0.006,0.003
Low,Low,1.0,0.983,0.014,0.003
Low,Low,0.6,0.991,0.006,0.003
Low,Low,0.6,0.991,0.006,0.003
High,High,99.2,0.007,0.002,0.991
Medium,Medium,50.0,0.006,0.988,0.006
Low,Low,0.6,0.991,0.006,0.003
Low,Low,0.6,0.991,0.006,0.003
Medium,Medium,50.0,0.007,0.987,0.007
Low,Low,0.6,0.991,0.006,0.003
Low,Low,0.6,0.991,0.006,0.003
Medium,Medium,50.0,0.006,0.988,0.006
Low,Low,0.6,0.991,0.006,0.003
Medium,Medium,50.0,0.007,0.987,0.006
Low,Low,0.6,0.991,0.006,0.003
Medium,Medium,50.1,0.006,0.985,0.009
High,High,99.2,0.007,0.002,0.991
High,High,99.2,0.007,0.003,0.991
Medium,Medium,50.0,0.006,0.988,0.006
High,High,99.2,0.007,0.002,0.991
High,High,99.2,0.007,0.002,0.991
Low,Low,0.6,0.991,0.006,0.003
Medium,Medium,50.0,0.006,0.988,0.006
Medium,Medium,50.0,0.006,0.987,0.006
High,High,99.2,0.007,0.003,0.99
High,High,99.2,0.007,0.003,0.99
Low,Low,0.6,0.991,0.006,0.003
High,High,99.2,0.007,0.002,0.991
Medium,Medium,50.0,0.007,0.987,0.006
Low,Low,0.6,0.991,0.006,0.003
Low,Low,0.6,0.991,0.006,0.003
Low,Low,0.6,0.991,0.006,0.003
Medium,Medium,50.0,0.006,0.987,0.007
Low,Low,0.6,0.991,0.006,0.003
Low,Low,0.6,0.991,0.006,0.003
Low,Low,0.6,0.991,0.006,0.003
Medium,Medium,50.0,0.006,0.988,0.006
Low,Low,0.6,0.991,0.006,0.003
Low,Low,0.6,0.991,0.006,0.003
Low,Low,0.9,0.985,0.012,0.003
Medium,Medium,50.1,0.006,0.987,0.007
Low,Low,0.6,0.991,0.006,0.003
High,High,99.2,0.007,0.002,0.991
Medium,Medium,50.0,0.006,0.987,0.006
Low,Low,0.7,0.99,0.007,0.003
Medium,Medium,50.0,0.006,0.988,0.006
High,High,99.2,0.007,0.002,0.991
Low,Low,0.6,0.991,0.006,0.003
Low,Low,0.6,0.991,0.006,0.003
Medium,Medium,50.0,0.007,0.987,0.006
Low,Low,0.6,0.991,0.006,0.003
Low,Low,0.6,0.991,0.006,0.003
Low,Low,0.6,0.991,0.006,0.003
Low,Low,0.6,0.991,0.006,0.003
High,High,99.2,0.007,0.002,0.991
Medium,Medium,50.0,0.006,0.988,0.006
Medium,Medium,50.0,0.007,0.987,0.006
Medium,Medium,50.1,0.006,0.986,0.008
Medium,Medium,50.0,0.006,0.987,0.006
Medium,Medium,50.0,0.006,0.988,0.006
Low,Low,0.6,0.991,0.006,0.003
High,High,99.2,0.007,0.002,0.991
Low,Low,0.6,0.991,0.006,0.003
Medium,Medium,50.1,0.006,0.986,0.007
Low,Low,0.6,0.991,0.006,0.003
Low,Low,0.6,0.991,0.006,0.003
Medium,Medium,50.0,0.006,0.988,0.006
High,High,99.2,0.007,0.002,0.991
Medium,Medium,50.0,0.006,0.987,0.007
Low,Low,0.6,0.991,0.006,0.003
Low,Low,0.6,0.99,0.007,0.003
Low,Low,0.6,0.991,0.006,0.003
Low,Low,0.6,0.991,0.006,0.003
Medium,Medium,50.0,0.006,0.988,0.006
Low,Low,1.1,0.981,0.015,0.003
High,High,99.0,0.007,0.007,0.986
High,High,99.2,0.007,0.002,0.991
Low,Low,0.6,0.991,0.006,0.003
Low,Low,0.6,0.991,0.006,0.003
Low,Low,0.6,0.991,0.006,0.003
Low,Low,1.0,0.983,0.013,0.003
Medium,Medium,50.0,0.006,0.988,0.006
Medium,Medium,50.0,0.006,0.988,0.006
High,High,99.2,0.007,0.002,0.991
Low,Low,0.6,0.991,0.006,0.003
Medium,Medium,50.0,0.006,0.988,0.006
Medium,Medium,50.0,0.006,0.987,0.006
Low,Low,0.6,0.991,0.006,0.003
Low,Low,0.6,0.991,0.006,0.003
Low,Low,0.6,0.991,0.006,0.003
High,High,99.2,0.007,0.002,0.991
Low,Low,0.6,0.991,0.006,0.003
Medium,Medium,50.0,0.006,0.988,0.006
Medium,Medium,50.0,0.006,0.988,0.006
Medium,Medium,50.0,0.006,0.988,0.006
Low,Low,0.6,0.991,0.006,0.003
Medium,Medium,50.0,0.007,0.987,0.006
Low,Low,0.6,0.991,0.006,0.003
High,High,99.2,0.007,0.002,0.991
Medium,Medium,50.0,0.006,0.988,0.006
Medium,Medium,50.0,0.006,0.988,0.006
Medium,Medium,50.0,0.006,0.988,0.006
Low,Low,0.6,0.991,0.006,0.003
Low,Low,0.6,0.991,0.006,0.003
Low,Low,0.6,0.991,0.006,0.003
Medium,Medium,50.0,0.006,0.988,0.006
Low,Low,0.6,0.991,0.006,0.003
Low,Low,0.6,0.991,0.006,0.003
Medium,Medium,50.0,0.006,0.987,0.007
Medium,Medium,50.0,0.006,0.988,0.006
Low,Low,0.6,0.991,0.006,0.003
Low,Low,0.6,0.991,0.006,0.003
Low,Low,0.6,0.991,0.006,0.003
Medium,Medium,50.0,0.006,0.987,0.007
Medium,Medium,50.0,0.006,0.988,0.006
Low,Low,0.6,0.991,0.006,0.003
Medium,Medium,49.3,0.019,0.975,0.006
Low,Low,0.6,0.991,0.006,0.003
Medium,Medium,50.0,0.006,0.988,0.006
Low,Low,0.6,0.991,0.006,0.003
Medium,Medium,50.0,0.007,0.987,0.006
High,High,99.2,0.007,0.003,0.99
Medium,Medium,49.8,0.009,0.985,0.006
Medium,Medium,50.0,0.006,0.987,0.006
Low,Low,0.6,0.991,0.006,0.003
Low,Low,0.6,0.991,0.006,0.003
Medium,Medium,50.0,0.006,0.988,0.006
High,High,99.2,0.007,0.002,0.991
High,High,99.2,0.007,0.002,0.991
Low,Low,0.6,0.991,0.006,0.003
High,High,99.2,0.007,0.002,0.991
Low,Low,0.6,0.991,0.006,0.003
Low,Low,0.6,0.991,0.006,0.003
Low,Low,0.6,0.991,0.006,0.003
Medium,Medium,49.9,0.007,0.987,0.006
Low,Low,0.6,0.991,0.006,0.003
Medium,Medium,50.0,0.006,0.987,0.007
Medium,Medium,49.8,0.01,0.984,0.006
Low,Low,0.6,0.991,0.006,0.003
Medium,Medium,50.0,0.006,0.988,0.006
Medium,Medium,50.0,0.006,0.988,0.006
High,High,99.2,0.007,0.002,0.991
Low,Low,0.6,0.991,0.006,0.003
Low,Low,0.6,0.991,0.006,0.003
Medium,Medium,50.0,0.006,0.987,0.007
Medium,Medium,50.0,0.006,0.987,0.006
High,High,99.2,0.007,0.002,0.991
Medium,Medium,50.0,0.006,0.988,0.006
Medium,Medium,50.0,0.006,0.988,0.006
Medium,Medium,50.0,0.006,0.988,0.006
Medium,Medium,50.0,0.006,0.987,0.007
Low,Low,0.6,0.99,0.007,0.003
High,High,99.2,0.007,0.003,0.991
Low,Low,0.6,0.991,0.006,0.003
Medium,Medium,50.0,0.006,0.987,0.006
Low,Low,0.6,0.991,0.006,0.003
Medium,Medium,50.0,0.006,0.988,0.006
Medium,Medium,50.0,0.006,0.988,0.006
Low,Low,0.6,0.991,0.006,0.003
Medium,Medium,50.0,0.006,0.988,0.006
Low,Low,0.6,0.991,0.006,0.003
Medium,Medium,50.0,0.007,0.987,0.006
Low,Low,0.6,0.991,0.006,0.003
Low,Low,0.6,0.991,0.006,0.003
Low,Low,0.6,0.991,0.006,0.003
High,High,99.2,0.007,0.002,0.991
Low,Low,0.6,0.991,0.006,0.003
High,High,99.2,0.007,0.002,0.991
Medium,Medium,50.0,0.006,0.988,0.006
Low,Low,0.6,0.991,0.006,0.003
Low,Low,0.7,0.989,0.008,0.003
Low,Low,0.6,0.991,0.006,0.003
High,High,99.2,0.007,0.002,0.991
High,High,99.2,0.007,0.002,0.991
Medium,Medium,50.0,0.006,0.988,0.006
High,High,99.2,0.007,0.002,0.991
Low,Low,0.6,0.991,0.006,0.003
Medium,Medium,50.0,0.006,0.988,0.006
Low,Low,0.6,0.991,0.006,0.003
Low,Low,0.6,0.991,0.006,0.003
Low,Low,0.6,0.991,0.006,0.003
Medium,Medium,50.0,0.006,0.988,0.006
Low,Low,0.6,0.991,0.006,0.003
High,High,99.2,0.007,0.002,0.991
High,High,99.2,0.007,0.002,0.991
Low,Low,0.6,0.991,0.006,0.003
Low,Low,0.6,0.991,0.006,0.003
Low,Low,0.6,0.991,0.006,0.003
Medium,Medium,50.0,0.006,0.987,0.007
Low,Low,0.6,0.991,0.006,0.003
Low,Low,0.6,0.991,0.006,0.003
Medium,Medium,50.0,0.006,0.988,0.006
Medium,Medium,49.1,0.023,0.971,0.006
Medium,Medium,50.0,0.006,0.988,0.006
Low,Low,0.6,0.99,0.007,0.003
Medium,Medium,50.0,0.007,0.987,0.006
Medium,Medium,50.0,0.006,0.987,0.007
Low,Low,0.6,0.991,0.006,0.003
Low,Low,0.6,0.991,0.006,0.003
Low,Low,0.6,0.991,0.006,0.003
Medium,Medium,50.0,0.006,0.988,0.006
Medium,Medium,50.0,0.006,0.988,0.006
Medium,Medium,50.0,0.006,0.987,0.007
Low,Low,0.7,0.99,0.007,0.003
High,High,99.2,0.007,0.003,0.99
Low,Low,0.6,0.991,0.006,0.003
Low,Low,0.6,0.991,0.006,0.003
High,High,99.2,0.007,0.002,0.991
Medium,Medium,50.0,0.006,0.987,0.006
High,High,99.2,0.007,0.002,0.991
Medium,Medium,50.3,0.006,0.981,0.012
Low,Low,0.6,0.991,0.006,0.003
Low,Low,0.6,0.991,0.006,0.003
Medium,Medium,50.0,0.006,0.988,0.006
Medium,Medium,50.0,0.006,0.988,0.006
High,High,99.2,0.007,0.003,0.99
High,High,99.2,0.007,0.002,0.991
Medium,Medium,50.0,0.006,0.988,0.006
Medium,Medium,49.8,0.01,0.984,0.006
Low,Low,0.6,0.991,0.006,0.003
Medium,Medium,50.0,0.006,0.986,0.007
Low,Low,0.6,0.991,0.006,0.003
Low,Low,0.6,0.991,0.006,0.003
Low,Low,0.6,0.991,0.006,0.003
Low,Low,0.6,0.991,0.006,0.003
Medium,Medium,50.0,0.006,0.988,0.006
High,High,99.2,0.007,0.002,0.991
Medium,Medium,50.1,0.006,0.986,0.008
Medium,Medium,50.0,0.006,0.988,0.006
Low,Low,0.6,0.991,0.006,0.003
Low,Low,0.6,0.991,0.006,0.003
Medium,Medium,50.0,0.006,0.988,0.006
Low,Low,0.6,0.991,0.006,0.003
High,High,99.2,0.007,0.002,0.991
Low,Low,0.6,0.991,0.006,0.003
Medium,Medium,50.0,0.006,0.988,0.006
Low,Low,0.7,0.99,0.007,0.003
High,High,99.2,0.007,0.002,0.991
Medium,Medium,50.0,0.007,0.987,0.006
Medium,Medium,50.0,0.006,0.988,0.006
Low,Low,0.7,0.989,0.008,0.003
High,High,99.2,0.007,0.002,0.991
Medium,Medium,49.8,0.01,0.984,0.006
Low,Low,0.6,0.991,0.006,0.003
Medium,Medium,50.0,0.006,0.987,0.007
Low,Low,0.7,0.99,0.007,0.003
Low,Low,0.6,0.991,0.006,0.003
High,High,99.1,0.007,0.003,0.99
Low,Low,0.6,0.991,0.006,0.003
Low,Low,0.6,0.991,0.006,0.003
Medium,Medium,50.0,0.007,0.987,0.006
Medium,Medium,50.0,0.006,0.987,0.006
Medium,Medium,50.0,0.006,0.988,0.006
Medium,Medium,50.0,0.006,0.988,0.006
Medium,Medium,49.3,0.02,0.974,0.006
Low,Low,0.6,0.991,0.006,0.003
Low,Low,0.6,0.991,0.006,0.003
High,High,99.2,0.007,0.002,0.991
Low,Low,0.6,0.991,0.006,0.003
Medium,Medium,50.0,0.006,0.988,0.006
Medium,Medium,50.0,0.006,0.988,0.006
Low,Low,0.6,0.991,0.006,0.003
Low,Low,0.6,0.991,0.006,0.003
Low,Low,0.6,0.991,0.006,0.003
Medium,Medium,49.9,0.008,0.986,0.006
Medium,Medium,50.0,0.006,0.987,0.007
Medium,Medium,50.0,0.006,0.988,0.006
Medium,Medium,50.0,0.006,0.988,0.006
Low,Low,0.6,0.991,0.006,0.003
Low,Low,0.7,0.99,0.007,0.003
Low,Low,0.6,0.991,0.006,0.003
Low,Low,0.6,0.991,0.006,0.003
Medium,Medium,50.0,0.006,0.987,0.006
Medium,Medium,50.0,0.007,0.987,0.006
Low,Low,0.6,0.991,0.006,0.003
High,High,99.2,0.007,0.002,0.991
Low,Low,0.6,0.991,0.006,0.003
Low,Low,0.7,0.99,0.007,0.003
High,High,99.2,0.007,0.002,0.991
High,High,99.2,0.007,0.002,0.991
High,High,99.2,0.007,0.002,0.991
Low,Low,0.6,0.991,0.006,0.003
High,High,99.2,0.007,0.002,0.991
Medium,Medium,50.0,0.007,0.987,0.006
Low,Low,0.6,0.991,0.006,0.003
Medium,Medium,50.0,0.006,0.988,0.006
Low,Low,0.6,0.991,0.006,0.003
High,High,99.2,0.007,0.002,0.991
Low,Low,0.6,0.991,0.006,0.003
Medium,Medium,50.0,0.006,0.988,0.006
Low,Low,0.6,0.991,0.006,0.003
High,High,99.2,0.007,0.002,0.991
Medium,Medium,50.0,0.007,0.987,0.006
Low,Low,0.6,0.991,0.006,0.003
Low,Low,0.6,0.991,0.006,0.003
Low,Low,0.6,0.991,0.006,0.003
Low,Low,0.6,0.991,0.006,0.003
Low,Low,0.6,0.991,0.006,0.003
Medium,Medium,49.8,0.009,0.985,0.006
Low,Low,0.6,0.991,0.006,0.003
Low,Low,0.7,0.989,0.008,0.003
Medium,Medium,50.0,0.006,0.987,0.006
Medium,Medium,50.0,0.006,0.988,0.006
Medium,Medium,50.0,0.007,0.987,0.006
Low,Low,0.6,0.991,0.006,0.003
Medium,Medium,50.0,0.006,0.988,0.006
Medium,Medium,49.9,0.007,0.986,0.006
Medium,Medium,50.0,0.006,0.988,0.006
Low,Low,0.6,0.991,0.006,0.003
Low,Low,0.6,0.991,0.006,0.003
Medium,Medium,50.0,0.007,0.987,0.006
Low,Low,0.6,0.991,0.006,0.003
Low,Low,0.6,0.991,0.006,0.003
Low,Low,0.6,0.991,0.006,0.003
Medium,Medium,50.0,0.006,0.987,0.006
Low,Low,0.6,0.991,0.006,0.003
Low,Low,0.6,0.991,0.006,0.003
Medium,Medium,50.0,0.006,0.988,0.006
Medium,Medium,50.0,0.006,0.987,0.007
High,High,99.2,0.007,0.002,0.991
Low,Low,1.1,0.981,0.016,0.003
Low,Low,0.8,0.988,0.009,0.003
Low,Low,0.6,0.991,0.006,0.003
Low,Low,0.6,0.991,0.006,0.003
Low,Low,0.6,0.991,0.006,0.003
Medium,Medium,50.0,0.006,0.988,0.006
Low,Low,0.6,0.991,0.006,0.003
High,High,99.2,0.007,0.002,0.991
High,High,99.2,0.007,0.002,0.991
Low,Low,0.6,0.991,0.006,0.003
Medium,Medium,50.0,0.006,0.988,0.006
Low,Low,0.6,0.991,0.006,0.003
Medium,Medium,50.0,0.006,0.988,0.006
Medium,Medium,49.9,0.008,0.986,0.006
High,High,99.2,0.007,0.002,0.991
Medium,Medium,50.0,0.006,0.988,0.006
High,High,99.2,0.007,0.002,0.991
Low,Low,0.6,0.991,0.006,0.003
Low,Low,0.6,0.991,0.006,0.003
Low,Low,0.6,0.991,0.006,0.003
Low,Low,0.6,0.991,0.006,0.003
Low,Low,0.6,0.991,0.006,0.003
Low,Low,0.6,0.991,0.006,0.003
Low,Low,0.6,0.991,0.006,0.003
Medium,Medium,50.0,0.006,0.988,0.006
Low,Low,0.6,0.991,0.006,0.003
Medium,Medium,50.0,0.006,0.988,0.006
Low,Low,0.6,0.991,0.006,0.003
High,High,99.2,0.007,0.002,0.991
Low,Low,0.6,0.991,0.006,0.003
Medium,Medium,50.0,0.006,0.988,0.006
Low,Low,0.7,0.99,0.007,0.003
Low,Low,0.7,0.989,0.008,0.003
High,High,99.2,0.007,0.002,0.991
Medium,Medium,49.6,0.013,0.981,0.006
Low,Low,0.6,0.991,0.006,0.003
Low,Low,0.6,0.991,0.006,0.003
Low,Low,0.6,0.991,0.006,0.003
High,High,99.2,0.007,0.002,0.991
Low,Low,4.4,0.915,0.081,0.004
Medium,Medium,50.0,0.006,0.987,0.006
High,High,99.2,0.007,0.002,0.991
Low,Low,0.6,0.991,0.006,0.003
Low,Low,0.6,0.991,0.006,0.003
Low,Low,0.6,0.991,0.006,0.003
Low,Low,0.6,0.991,0.006,0.003
Medium,Medium,50.0,0.006,0.988,0.006
Low,Low,0.6,0.991,0.006,0.003
Low,Low,0.6,0.991,0.006,0.003
Medium,Medium,50.1,0.006,0.987,0.007
High,High,99.2,0.007,0.002,0.991
Medium,Medium,50.0,0.006,0.988,0.006
Low,Low,0.6,0.991,0.006,0.003
Low,Low,0.6,0.991,0.006,0.003
Medium,Medium,50.0,0.006,0.988,0.006
High,High,99.2,0.007,0.002,0.991
Medium,Medium,50.0,0.006,0.988,0.006
Low,Low,0.6,0.991,0.006,0.003
Medium,Medium,50.0,0.006,0.987,0.007
Low,Low,0.6,0.991,0.006,0.003
Low,Low,0.6,0.991,0.006,0.003
Low,Low,0.6,0.991,0.006,0.003
High,High,99.2,0.007,0.002,0.991
High,High,99.2,0.007,0.002,0.991
Low,Low,0.6,0.991,0.006,0.003
Medium,Medium,50.0,0.006,0.988,0.006
Medium,Medium,50.0,0.006,0.988,0.006
Low,Low,0.6,0.991,0.006,0.003
Low,Low,0.6,0.991,0.006,0.003
High,High,99.2,0.007,0.002,0.991
Medium,Medium,50.0,0.006,0.987,0.006
Low,Low,0.6,0.991,0.006,0.003
Medium,Medium,50.0,0.006,0.988,0.006
High,High,99.2,0.007,0.002,0.991
Low,Low,0.6,0.991,0.006,0.003
Low,Low,0.6,0.991,0.006,0.003
Medium,Medium,50.0,0.007,0.987,0.006
Low,Low,0.6,0.991,0.006,0.003
Low,Low,0.6,0.991,0.006,0.003
Medium,Medium,50.0,0.006,0.988,0.006
Medium,Medium,50.0,0.007,0.987,0.006
High,High,99.2,0.007,0.002,0.991
Low,Low,1.3,0.976,0.02,0.003
Low,Low,0.6,0.991,0.006,0.003
Medium,Medium,50.0,0.006,0.988,0.006
Low,Low,0.6,0.991,0.006,0.003
Low,Low,0.6,0.991,0.006,0.003
Low,Low,0.6,0.991,0.006,0.003
Low,Low,0.6,0.991,0.006,0.003
Low,Low,0.6,0.991,0.006,0.003
Medium,Medium,50.0,0.007,0.987,0.006
Low,Low,0.6,0.991,0.006,0.003
High,High,99.2,0.007,0.002,0.991
Medium,Medium,49.9,0.007,0.986,0.006
High,High,99.2,0.007,0.002,0.991
Low,Low,0.6,0.991,0.006,0.003
High,High,99.2,0.007,0.002,0.991
Low,Low,0.6,0.991,0.006,0.003
Low,Low,0.6,0.991,0.006,0.003
Low,Low,0.6,0.991,0.006,0.003
Low,Low,0.6,0.991,0.006,0.003
Medium,Medium,48.9,0.028,0.967,0.006
High,High,99.2,0.007,0.003,0.99
Medium,Medium,50.0,0.006,0.987,0.006
Low,Low,0.6,0.991,0.006,0.003
Medium,Medium,50.0,0.006,0.988,0.006
Medium,Medium,50.0,0.006,0.988,0.006
Medium,Medium,50.0,0.006,0.988,0.006
Medium,Medium,50.0,0.006,0.988,0.006
High,High,99.2,0.007,0.002,0.991
Low,Low,0.6,0.991,0.006,0.003
Medium,Medium,50.0,0.006,0.988,0.006
Medium,Medium,50.0,0.006,0.988,0.006
Medium,Medium,50.0,0.006,0.988,0.006
Medium,Medium,50.0,0.006,0.987,0.007
Low,Low,0.6,0.991,0.006,0.003
Low,Low,0.6,0.991,0.006,0.003
Medium,Medium,50.0,0.007,0.987,0.006
High,High,99.2,0.007,0.002,0.991
Low,Low,0.6,0.991,0.006,0.003
High,High,99.2,0.007,0.002,0.991
Medium,Medium,50.0,0.006,0.988,0.006
Low,Low,0.6,0.991,0.006,0.003
High,High,99.2,0.007,0.002,0.991
Low,Low,0.6,0.991,0.006,0.003
Medium,Medium,50.0,0.006,0.988,0.006
High,High,99.2,0.007,0.002,0.991
High,High,99.2,0.007,0.002,0.991
Low,Low,0.6,0.991,0.006,0.003
Medium,Medium,50.0,0.006,0.987,0.007
Medium,Medium,50.0,0.007,0.986,0.007
Medium,Medium,49.9,0.007,0.986,0.006
Medium,Medium,50.0,0.006,0.988,0.006
Low,Low,0.6,0.991,0.006,0.003
Low,Low,0.6,0.991,0.006,0.003
Low,Low,0.6,0.991,0.006,0.003
Low,Low,0.6,0.991,0.006,0.003
Medium,Medium,50.0,0.006,0.988,0.006
High,High,99.2,0.007,0.002,0.991
Low,Low,0.6,0.991,0.006,0.003
High,High,99.2,0.007,0.002,0.991
Medium,Medium,50.0,0.006,0.988,0.006
Low,Low,0.6,0.991,0.006,0.003
Low,Low,0.6,0.991,0.006,0.003
Low,Low,0.6,0.991,0.006,0.003
High,High,99.2,0.007,0.003,0.99
Medium,Medium,50.0,0.006,0.988,0.006
Medium,Medium,50.0,0.006,0.988,0.006
Medium,Medium,50.0,0.006,0.988,0.006
High,High,99.2,0.007,0.002,0.991
Low,Low,0.6,0.991,0.006,0.003
Low,Low,0.6,0.991,0.006,0.003
Low,Low,0.6,0.991,0.006,0.003
Medium,Medium,50.0,0.006,0.988,0.006
Low,Low,0.6,0.991,0.006,0.003
High,High,99.2,0.007,0.002,0.991
Medium,Medium,50.0,0.007,0.987,0.006
Medium,Medium,50.0,0.006,0.988,0.006
Medium,Medium,48.8,0.03,0.964,0.005
High,High,99.2,0.007,0.002,0.991
Medium,Medium,50.0,0.006,0.988,0.006
Medium,Medium,50.0,0.006,0.988,0.006
Low,Low,0.6,0.991,0.006,0.003
Low,Low,0.6,0.991,0.006,0.003
Low,Low,0.6,0.991,0.006,0.003
Medium,Medium,50.0,0.006,0.987,0.006
Medium,Medium,49.8,0.009,0.985,0.006
Medium,Medium,50.0,0.006,0.987,0.006
Low,Low,0.6,0.991,0.006,0.003
Medium,Medium,50.0,0.006,0.988,0.006
Medium,Medium,50.0,0.006,0.988,0.006
Medium,Medium,49.7,0.012,0.982,0.006
Medium,Medium,50.0,0.006,0.988,0.006
Low,Low,0.7,0.99,0.007,0.003
Low,Low,0.6,0.991,0.006,0.003
Medium,Medium,50.0,0.006,0.988,0.006
Medium,Medium,50.0,0.006,0.988,0.006
Medium,Medium,50.0,0.007,0.987,0.006
Low,Low,0.6,0.991,0.006,0.003
Medium,Medium,50.0,0.006,0.987,0.006
High,High,99.2,0.007,0.002,0.991
Low,Low,0.6,0.991,0.006,0.003
Medium,Medium,50.0,0.006,0.988,0.006
Medium,Medium,50.0,0.006,0.988,0.006
Low,Low,0.6,0.991,0.006,0.003
Medium,Medium,50.0,0.006,0.988,0.006
Low,Low,0.6,0.991,0.006,0.003
High,High,99.2,0.007,0.002,0.991
Low,Low,0.6,0.991,0.006,0.003
High,High,99.2,0.007,0.002,0.991
Medium,Medium,50.0,0.006,0.988,0.006
Medium,Medium,49.9,0.009,0.985,0.006
Low,Low,0.6,0.991,0.006,0.003
Low,Low,0.6,0.991,0.006,0.003
Low,Low,0.6,0.991,0.006,0.003
High,High,99.2,0.007,0.002,0.991
High,High,99.2,0.007,0.002,0.991
Medium,Medium,50.0,0.007,0.987,0.006
High,High,99.2,0.007,0.002,0.991
Low,Low,0.6,0.991,0.006,0.003
Medium,Medium,50.0,0.006,0.988,0.006
Medium,Medium,50.0,0.006,0.988,0.006
Low,Low,0.6,0.991,0.006,0.003
High,High,99.2,0.007,0.002,0.991
Low,Low,0.6,0.991,0.006,0.003
Low,Low,0.6,0.991,0.006,0.003
Low,Low,0.6,0.991,0.006,0.003
Low,Low,0.6,0.991,0.006,0.003
Medium,Medium,50.0,0.006,0.988,0.006
High,High,99.2,0.007,0.002,0.991
Low,Low,0.6,0.991,0.006,0.003
High,High,99.2,0.007,0.002,0.991
Low,Low,0.7,0.989,0.007,0.003
Low,Low,0.6,0.991,0.006,0.003
Medium,Medium,50.0,0.006,0.988,0.006
Low,Low,0.6,0.991,0.006,0.003
Medium,Medium,50.0,0.007,0.987,0.006
High,High,99.0,0.007,0.005,0.988
Low,Low,0.8,0.988,0.009,0.003
Medium,Medium,50.0,0.007,0.987,0.006
Medium,Medium,50.0,0.006,0.988,0.006
High,High,99.2,0.007,0.002,0.991
Low,Low,0.6,0.991,0.006,0.003
Low,Low,0.6,0.991,0.006,0.003
Medium,Medium,50.0,0.006,0.988,0.006
Low,Low,0.6,0.991,0.006,0.003
Low,Low,0.6,0.991,0.006,0.003
Low,Low,0.6,0.991,0.006,0.003
High,High,99.2,0.007,0.002,0.991
Medium,Medium,50.0,0.006,0.987,0.006
Low,Low,0.6,0.991,0.006,0.003
Low,Low,0.6,0.991,0.006,0.003
Medium,Medium,50.0,0.007,0.987,0.006
Low,Low,0.6,0.991,0.006,0.003
Low,Low,0.6,0.991,0.006,0.003
Medium,Medium,49.9,0.008,0.985,0.007
Low,Low,0.6,0.99,0.006,0.003
Medium,Medium,50.0,0.006,0.987,0.007
Low,Low,0.6,0.991,0.006,0.003
Medium,Medium,50.0,0.006,0.988,0.006
Medium,Medium,50.0,0.006,0.988,0.006
Medium,Medium,50.0,0.007,0.987,0.006
Low,Low,0.6,0.991,0.006,0.003
Medium,Medium,50.0,0.007,0.986,0.007
Low,Low,0.7,0.99,0.007,0.003
Low,Low,0.6,0.991,0.006,0.003
Medium,Medium,50.0,0.006,0.987,0.007
Medium,Medium,50.2,0.006,0.983,0.01
Low,Low,0.6,0.991,0.006,0.003
Low,Low,0.6,0.991,0.006,0.003
High,High,99.2,0.007,0.002,0.991
Medium,Medium,50.0,0.006,0.988,0.006
Medium,Medium,50.0,0.006,0.988,0.006
Low,Low,0.6,0.991,0.006,0.003
Low,Low,0.6,0.991,0.006,0.003
Low,Low,0.6,0.991,0.006,0.003
Medium,Medium,50.0,0.006,0.988,0.006
Low,Low,0.6,0.991,0.006,0.003
High,High,99.2,0.007,0.002,0.991
Medium,Medium,50.1,0.006,0.985,0.009
Low,Low,0.6,0.991,0.006,0.003
Medium,Medium,50.0,0.006,0.988,0.006
Medium,Medium,50.0,0.006,0.988,0.006
Low,Low,0.7,0.99,0.007,0.003
Low,Low,0.6,0.991,0.006,0.003
Low,Low,0.6,0.991,0.006,0.003
Low,Low,0.6,0.991,0.006,0.003
Medium,Medium,50.0,0.006,0.987,0.006
Low,Low,0.6,0.991,0.006,0.003
Low,Low,0.6,0.991,0.006,0.003
Medium,Medium,50.0,0.006,0.987,0.006
Low,Low,0.6,0.991,0.006,0.003
Medium,Medium,50.0,0.006,0.987,0.006
Low,Low,0.6,0.991,0.006,0.003
Low,Low,0.6,0.991,0.006,0.003
High,High,99.2,0.007,0.002,0.991
Medium,Medium,50.0,0.006,0.988,0.006
Low,Low,0.6,0.991,0.006,0.003
High,High,99.2,0.007,0.002,0.991
Medium,Medium,50.1,0.006,0.987,0.007
Low,Low,0.6,0.991,0.006,0.003
Medium,Medium,50.0,0.006,0.988,0.006
Low,Low,0.6,0.991,0.006,0.003
Low,Low,0.6,0.991,0.006,0.003
Low,Low,0.6,0.991,0.006,0.003
Low,Low,0.6,0.991,0.006,0.003
Low,Low,0.6,0.991,0.006,0.003
Low,Low,0.6,0.991,0.006,0.003
High,High,99.2,0.007,0.002,0.991
Medium,Medium,50.0,0.006,0.988,0.006
Low,Low,0.6,0.991,0.006,0.003
Medium,Medium,50.0,0.006,0.988,0.006
High,High,99.2,0.007,0.002,0.991
Low,Low,0.6,0.991,0.006,0.003
Medium,Medium,50.0,0.006,0.988,0.006
Low,Low,0.6,0.991,0.006,0.003
Medium,Medium,50.0,0.006,0.988,0.006
High,High,99.2,0.007,0.002,0.991
Low,Low,0.6,0.991,0.006,0.003
Medium,Medium,50.0,0.006,0.988,0.006
Medium,Medium,50.0,0.006,0.987,0.007
Medium,Medium,50.0,0.006,0.988,0.006
High,High,99.2,0.007,0.002,0.991
High,High,99.2,0.007,0.002,0.991
Medium,Medium,50.0,0.006,0.988,0.006
Low,Low,0.6,0.991,0.006,0.003
Medium,Medium,49.9,0.007,0.987,0.006
Medium,Medium,50.0,0.006,0.988,0.006
Medium,Medium,50.0,0.006,0.987,0.007
Low,Low,0.6,0.991,0.006,0.003
Medium,Medium,50.0,0.006,0.988,0.006
High,High,99.2,0.007,0.002,0.991
Low,Low,0.8,0.986,0.01,0.003
Medium,Medium,50.0,0.006,0.987,0.006
Low,Low,0.6,0.991,0.006,0.003
Low,Low,0.6,0.991,0.006,0.003
Medium,Medium,50.0,0.006,0.988,0.006
Low,Low,0.6,0.991,0.006,0.003
Medium,Medium,50.0,0.006,0.988,0.006
Low,Low,0.6,0.991,0.006,0.003
High,High,99.2,0.007,0.002,0.991
Low,Low,0.6,0.991,0.006,0.003
Medium,Medium,50.0,0.006,0.988,0.006
Low,Low,0.9,0.985,0.012,0.003
Low,Low,0.6,0.991,0.006,0.003
Low,Low,0.6,0.991,0.006,0.003
Low,Low,0.6,0.991,0.006,0.003
Low,Low,0.9,0.986,0.011,0.003
Low,Low,0.6,0.991,0.006,0.003
Low,Low,0.6,0.991,0.006,0.003
High,High,99.2,0.007,0.002,0.991
Medium,Medium,50.0,0.007,0.987,0.006
Low,Low,0.6,0.991,0.006,0.003
Medium,Medium,50.0,0.006,0.988,0.006
Medium,Medium,50.0,0.006,0.988,0.006
Low,Low,0.7,0.99,0.007,0.003
Medium,Medium,50.0,0.006,0.987,0.006
High,High,99.2,0.007,0.002,0.991
Medium,Medium,50.0,0.006,0.988,0.006
High,High,99.2,0.007,0.002,0.991
Low,Low,0.6,0.991,0.006,0.003
Low,Low,0.6,0.991,0.006,0.003
Low,Low,0.6,0.991,0.006,0.003
Medium,Medium,50.0,0.006,0.988,0.006
Low,Low,0.6,0.991,0.006,0.003
Medium,Medium,50.0,0.006,0.988,0.006
Low,Low,0.6,0.991,0.006,0.003
Low,Low,0.6,0.991,0.006,0.003
Low,Low,0.6,0.991,0.006,0.003
High,High,99.2,0.007,0.002,0.991
Medium,Medium,50.0,0.006,0.988,0.006
Medium,Medium,50.0,0.006,0.988,0.006
Low,Low,0.6,0.991,0.006,0.003
Low,Low,0.6,0.991,0.006,0.003
Low,Low,0.6,0.991,0.006,0.003
Low,Low,0.6,0.991,0.006,0.003
Low,Low,0.6,0.991,0.006,0.003
High,High,99.2,0.007,0.002,0.991
Medium,Medium,50.1,0.006,0.987,0.007
Medium,Medium,50.0,0.006,0.988,0.006
Low,Low,0.6,0.991,0.006,0.003
Medium,Medium,50.0,0.006,0.987,0.006
Low,Low,0.6,0.991,0.006,0.003
Medium,Medium,50.0,0.006,0.988,0.006
Low,Low,0.6,0.991,0.006,0.003
Medium,Medium,50.0,0.007,0.987,0.006
High,High,99.2,0.007,0.002,0.991
Medium,Medium,50.0,0.006,0.988,0.006
Medium,Medium,50.0,0.006,0.988,0.006
High,High,99.2,0.007,0.002,0.991
Medium,Medium,50.0,0.006,0.988,0.006
Low,Low,0.6,0.99,0.006,0.003
Low,Low,0.6,0.991,0.006,0.003
Low,Low,0.6,0.991,0.006,0.003
Low,Low,0.8,0.987,0.01,0.003
Low,Low,0.6,0.991,0.006,0.003
Medium,Medium,50.0,0.006,0.988,0.006
High,High,99.2,0.007,0.002,0.991
Low,Low,0.6,0.991,0.006,0.003
Medium,Medium,50.0,0.006,0.987,0.007
Low,Low,0.6,0.991,0.006,0.003
Medium,Medium,50.0,0.006,0.988,0.006
Medium,Medium,49.9,0.007,0.986,0.006
High,High,99.2,0.007,0.002,0.991
Medium,Medium,50.0,0.006,0.987,0.006
Medium,Medium,50.0,0.006,0.988,0.006
Medium,Medium,50.0,0.006,0.988,0.006
Medium,Medium,49.9,0.008,0.986,0.006
Low,Low,0.6,0.991,0.006,0.003
High,High,99.2,0.007,0.003,0.99
Low,Low,0.6,0.991,0.006,0.003
Medium,Medium,50.0,0.006,0.988,0.006
Medium,Medium,50.0,0.006,0.988,0.006
Medium,Medium,50.0,0.006,0.988,0.006
Low,Low,0.6,0.991,0.006,0.003
High,High,99.2,0.007,0.002,0.991
Medium,Medium,50.0,0.007,0.987,0.006
Medium,Medium,50.0,0.006,0.987,0.006
Medium,Medium,50.0,0.006,0.987,0.006
Low,Low,0.6,0.991,0.006,0.003
Medium,Medium,50.0,0.006,0.988,0.006
Low,Low,0.6,0.99,0.006,0.003
Medium,Medium,49.9,0.008,0.985,0.006
Low,Low,0.6,0.991,0.006,0.003
Low,Low,0.6,0.991,0.006,0.003
Medium,Medium,50.0,0.007,0.987,0.006
Low,Low,0.6,0.991,0.006,0.003
Low,Low,0.6,0.991,0.006,0.003
High,High,99.2,0.007,0.002,0.991
Medium,Medium,49.9,0.008,0.986,0.006
Low,Low,0.6,0.991,0.006,0.003
High,High,99.2,0.007,0.002,0.991
High,High,99.2,0.007,0.002,0.991
Medium,Medium,50.0,0.007,0.987,0.006
Medium,Medium,50.0,0.007,0.987,0.006
High,High,99.2,0.007,0.002,0.991
High,High,99.2,0.007,0.002,0.991
Low,Low,0.6,0.991,0.006,0.003
Low,Low,0.6,0.991,0.006,0.003
Medium,Medium,50.0,0.006,0.988,0.006
High,High,99.2,0.007,0.002,0.991
Medium,Medium,50.0,0.006,0.988,0.006
Medium,Medium,50.0,0.006,0.988,0.006
High,High,99.2,0.007,0.002,0.991
Low,Low,0.6,0.991,0.006,0.003
Low,Low,0.6,0.991,0.006,0.003
Low,Low,0.6,0.991,0.006,0.003
Medium,Medium,50.0,0.006,0.988,0.006
High,High,99.2,0.007,0.002,0.991
Medium,Medium,50.0,0.006,0.988,0.006
Medium,Medium,50.0,0.006,0.988,0.006
High,High,99.2,0.007,0.002,0.991
Low,Low,0.6,0.991,0.006,0.003
High,High,99.2,0.007,0.002,0.991
Low,Low,1.1,0.981,0.015,0.003
High,High,99.2,0.007,0.002,0.991
